source_index,datetime,close,actual_target,prediction,future_return,strategy_return,trade_taken,is_correct,is_win,equity_curve,running_max,drawdown
17235,2026-06-25 16:25:00+00:00,4056.2,-1,-1,-0.0014052561510773,0.0014052561510773,True,True,True,1.0014052561510773,1.0014052561510773,0.0
17236,2026-06-25 16:30:00+00:00,4050.5,0,-1,-0.0007406493025552,0.0007406493025552,True,False,True,1.0021469462556207,1.0021469462556207,0.0
17237,2026-06-25 16:35:00+00:00,4047.5,0,-1,-7.411982705374243e-05,7.411982705374243e-05,True,False,True,1.0022212252139597,1.0022212252139597,0.0
17238,2026-06-25 16:40:00+00:00,4047.2,0,-1,0.0,-0.0,True,False,False,1.0022212252139597,1.0022212252139597,0.0
17239,2026-06-25 16:45:00+00:00,4047.2,0,1,-7.412532120965043e-05,-7.412532120965043e-05,True,False,False,1.0021469352437176,1.0022212252139597,-7.412532120965043e-05
17242,2026-06-25 17:00:00+00:00,4045.5,0,1,4.943764676790252e-05,4.943764676790252e-05,True,False,True,1.0021964790299116,1.0022212252139597,-2.4691339023275027e-05
17247,2026-06-25 17:25:00+00:00,4048.4,0,-1,-0.0002470111649046,0.0002470111649046,True,False,True,1.0024440327496602,1.0024440327496602,0.0
17256,2026-06-25 18:10:00+00:00,4047.7,1,-1,0.0014576179064653,-0.0014576179064653,True,False,False,1.000982852377295,1.0024440327496602,-0.0014576179064652584
17260,2026-06-25 18:30:00+00:00,4049.8,0,-1,0.0004197738159907,-0.0004197738159907,True,False,False,1.0005626659856113,1.0024440327496602,-0.0018767798526252433
17261,2026-06-25 18:35:00+00:00,4051.5,0,-1,-0.0007898309268171,0.0007898309268171,True,False,True,1.0013529413234252,1.0024440327496602,-0.001088431264578582
17272,2026-06-25 19:30:00+00:00,4049.3,0,1,0.0001975650112364,0.0001975650112364,True,False,True,1.0015507736285294,1.0024440327496602,-0.0008910812892771736
17275,2026-06-25 19:45:00+00:00,4042.0,0,-1,-0.0001484413656605,0.0001484413656605,True,False,True,1.0016994451931451,1.0024440327496602,-0.000742772196940189
17277,2026-06-25 19:55:00+00:00,4041.6,1,1,0.0010886777513856,0.0010886777513856,True,True,True,1.0027899730927023,1.0027899730927023,0.0
17278,2026-06-25 20:00:00+00:00,4046.0,0,-1,-0.0006920415224913,0.0006920415224913,True,False,True,1.0034839453924205,1.0034839453924205,0.0
17327,2026-06-26 01:05:00+00:00,4033.0,0,1,0.0004463178775104,0.0004463178775104,True,False,True,1.0039318182170438,1.0039318182170438,0.0
17329,2026-06-26 01:15:00+00:00,4040.0,0,-1,-0.0007178217821782,0.0007178217821782,True,False,True,1.0046524623439816,1.0046524623439816,0.0
17341,2026-06-26 02:15:00+00:00,4024.1,0,-1,-0.0007206580353371,0.0007206580353371,True,False,True,1.0053764732136912,1.0053764732136912,0.0
17342,2026-06-26 02:20:00+00:00,4021.2,0,-1,0.0004227593753109,-0.0004227593753109,True,False,False,1.004951440883923,1.0053764732136912,-0.00042275937531088825
17343,2026-06-26 02:25:00+00:00,4022.9,-1,-1,-0.0012180267965895,0.0012180267965895,True,True,True,1.006175498668191,1.006175498668191,0.0
17344,2026-06-26 02:30:00+00:00,4018.0,-1,-1,-0.0013190642110503,0.0013190642110503,True,True,True,1.00750270875852,1.00750270875852,0.0
17345,2026-06-26 02:35:00+00:00,4012.7,-1,1,-0.0011962020584642,-0.0011962020584642,True,False,False,1.0062975319443948,1.00750270875852,-0.0011962020584642685
17346,2026-06-26 02:40:00+00:00,4007.9,0,1,0.0001497043339404,0.0001497043339404,True,False,True,1.0064481790461604,1.00750270875852,-0.001046676801156221
17347,2026-06-26 02:45:00+00:00,4008.5,-1,-1,-0.0017712361232381,0.0017712361232381,True,True,True,1.008230836417054,1.008230836417054,0.0
17348,2026-06-26 02:50:00+00:00,4001.4,1,1,0.0011495976408257,0.0011495976408257,True,True,True,1.0093898962080068,1.0093898962080068,0.0
17349,2026-06-26 02:55:00+00:00,4006.0,0,1,-0.0001248127808287,-0.0001248127808287,True,False,False,1.0092639114481208,1.0093898962080068,-0.00012481278082854264
17353,2026-06-26 03:15:00+00:00,4014.3,-1,-1,-0.0013701018857583,0.0013701018857583,True,True,True,1.0106467058364237,1.0106467058364237,0.0
17358,2026-06-26 03:40:00+00:00,4015.5,0,1,-0.00062258747354,-0.00062258747354,True,False,False,1.0100174898571954,1.0106467058364237,-0.0006225874735400483
17390,2026-06-26 06:20:00+00:00,4038.4,0,-1,0.000297147385103,-0.000297147385103,True,False,False,1.009717365801176,1.0106467058364237,-0.0009195498584033679
17391,2026-06-26 06:25:00+00:00,4039.6,0,1,-0.0001980394098425,-0.0001980394098425,True,False,False,1.0095174019699449,1.0106467058364237,-0.0011174071611347314
17397,2026-06-26 06:55:00+00:00,4047.2,0,1,-0.0004941688080648,-0.0004941688080648,True,False,False,1.0090185299586927,1.0106467058364237,-0.0016110237814346284
17403,2026-06-26 07:25:00+00:00,4053.7,0,-1,-0.0001726817475392,0.0001726817475392,True,False,True,1.0091927690417453,1.0106467058364237,-0.001438620228297438
17425,2026-06-26 09:15:00+00:00,4061.8,0,-1,0.0003692944014968,-0.0003692944014968,True,False,False,1.0088200798021072,1.0106467058364237,-0.0018073833553978735
17426,2026-06-26 09:20:00+00:00,4063.3,0,1,7.383161469731725e-05,7.383161469731725e-05,True,False,True,1.008894562617538,1.0106467058364237,-0.001733685182732092
17427,2026-06-26 09:25:00+00:00,4063.6,0,1,0.0,0.0,True,False,False,1.008894562617538,1.0106467058364237,-0.001733685182732092
17452,2026-06-26 11:30:00+00:00,4069.7,-1,-1,-0.0014988819814728,0.0014988819814728,True,True,True,1.0104067764986513,1.0106467058364237,-0.0002374017907412762
17456,2026-06-26 11:50:00+00:00,4059.1,0,1,0.0004680840580424,0.0004680840580424,True,False,True,1.0108797318028684,1.0108797318028684,0.0
17466,2026-06-26 12:40:00+00:00,4055.1,0,1,0.000961751868018,0.000961751868018,True,False,True,1.0118519472732714,1.0118519472732714,0.0
17469,2026-06-26 12:55:00+00:00,4074.0,-1,1,-0.0016691212567501,-0.0016691212567501,True,False,False,1.0101630436793936,1.0118519472732714,-0.0016691212567501168
17473,2026-06-26 13:15:00+00:00,4065.2,1,1,0.0016973334645282,0.0016973334645282,True,True,True,1.0118776272180603,1.0118776272180603,0.0
17474,2026-06-26 13:20:00+00:00,4072.1,0,-1,-4.911470739910051e-05,4.911470739910051e-05,True,False,True,1.0119273252916448,1.0119273252916448,0.0
17475,2026-06-26 13:25:00+00:00,4071.9,-1,-1,-0.0015963063925931,0.0015963063925931,True,True,True,1.0135426713498474,1.0135426713498474,0.0
17476,2026-06-26 13:30:00+00:00,4065.4,0,-1,-0.0009593151965366,0.0009593151965366,True,False,True,1.0145149782368117,1.0145149782368117,0.0
17477,2026-06-26 13:35:00+00:00,4061.5,1,1,0.0038901883540565,0.0038901883540565,True,True,True,1.0184616325901645,1.0184616325901645,0.0
17478,2026-06-26 13:40:00+00:00,4077.3,0,-1,-0.000196208275084,0.000196208275084,True,False,True,1.0186614631903341,1.0186614631903341,0.0
17479,2026-06-26 13:45:00+00:00,4076.5,0,1,0.0005396786458971,0.0005396786458971,True,False,True,1.0192112130294162,1.0192112130294162,0.0
17480,2026-06-26 13:50:00+00:00,4078.7,1,-1,0.0024517615907029,-0.0024517615907029,True,False,False,1.016712350124497,1.0192112130294162,-0.0024517615907028167
17481,2026-06-26 13:55:00+00:00,4088.7,1,1,0.0010516790177808,0.0010516790177808,True,True,True,1.0177816051702415,1.0192112130294162,-0.00140266103914366
17482,2026-06-26 14:00:00+00:00,4093.0,0,1,0.0004642071829954,0.0004642071829954,True,False,True,1.018254066702082,1.0192112130294162,-0.0009391049814779784
17483,2026-06-26 14:05:00+00:00,4094.9,0,1,0.0007081980023933,0.0007081980023933,True,False,True,1.0189751921980494,1.0192112130294162,-0.00023157205135648784
17484,2026-06-26 14:10:00+00:00,4097.8,1,1,0.0015862169944849,0.0015862169944849,True,True,True,1.0205915079648724,1.0205915079648724,0.0
17485,2026-06-26 14:15:00+00:00,4104.3,0,-1,2.4364690690115157e-05,-2.4364690690115157e-05,True,False,False,1.02056664156846,1.0205915079648724,-2.436469069000413e-05
17486,2026-06-26 14:20:00+00:00,4104.4,-1,-1,-0.0011451125621284,0.0011451125621284,True,True,True,1.0217353052502094,1.0217353052502094,0.0
17487,2026-06-26 14:25:00+00:00,4099.7,-1,-1,-0.001048857233456,0.001048857233456,True,True,True,1.0228069597157985,1.0228069597157985,0.0
17488,2026-06-26 14:30:00+00:00,4095.4,0,-1,-0.0002197587537237,0.0002197587537237,True,False,True,1.0230317304985654,1.0230317304985654,0.0
17489,2026-06-26 14:35:00+00:00,4094.5,0,1,0.000781536207107,0.000781536207107,True,False,True,1.0238312668369696,1.0238312668369696,0.0
17491,2026-06-26 14:45:00+00:00,4103.5,0,-1,-7.310832216400609e-05,7.310832216400609e-05,True,False,True,1.0239061174230673,1.0239061174230673,0.0
17492,2026-06-26 14:50:00+00:00,4103.2,-1,-1,-0.0018278416845388,0.0018278416845388,True,True,True,1.0257776557055474,1.0257776557055474,0.0
17495,2026-06-26 15:05:00+00:00,4096.0,0,1,-0.0004150390624999,-0.0004150390624999,True,False,False,1.02535191790899,1.0257776557055474,-0.00041503906249984457
17501,2026-06-26 15:35:00+00:00,4106.7,0,1,0.0008522658095306,0.0008522658095306,True,False,True,1.0262257902913605,1.0262257902913605,0.0
17502,2026-06-26 15:40:00+00:00,4110.2,0,-1,-2.4329716315385497e-05,2.4329716315385497e-05,True,False,True,1.026250758073714,1.026250758073714,0.0
17504,2026-06-26 15:50:00+00:00,4101.7,1,1,0.0011214862130337,0.0011214862130337,True,True,True,1.027401684150009,1.027401684150009,0.0
17512,2026-06-26 16:30:00+00:00,4103.5,0,-1,-0.0008529304252467,0.0008529304252467,True,False,True,1.0282779863053704,1.0282779863053704,0.0
17514,2026-06-26 16:40:00+00:00,4099.6,0,1,-0.0001951409893649,-0.0001951409893649,True,False,False,1.0280773271217807,1.0282779863053704,-0.00019514098936479485
17565,2026-06-26 20:55:00+00:00,4103.0,-1,-1,-0.0031684133560808,0.0031684133560808,True,True,True,1.0313347010561171,1.0313347010561171,0.0
17566,2026-06-28 22:00:00+00:00,4090.0,0,-1,-4.8899755501152775e-05,4.8899755501152775e-05,True,False,True,1.0313851330708388,1.0313851330708388,0.0
17569,2026-06-28 22:15:00+00:00,4074.4,0,1,-9.817396426470282e-05,-9.817396426470282e-05,True,False,False,1.0312838779036415,1.0313851330708388,-9.817396426470282e-05
17570,2026-06-28 22:20:00+00:00,4074.0,0,1,-0.0006627393225331,-0.0006627393225331,True,False,False,1.0306004055250604,1.0313851330708388,-0.0007608482230512248
17571,2026-06-28 22:25:00+00:00,4071.3,0,1,-2.4562179156584207e-05,-2.4562179156584207e-05,True,False,False,1.030575091733261,1.0313851330708388,-0.0007853917141175115
17572,2026-06-28 22:30:00+00:00,4071.2,0,1,0.0009579485164079,0.0009579485164079,True,False,True,1.031562329613434,1.031562329613434,0.0
17574,2026-06-28 22:40:00+00:00,4077.7,1,1,0.001348799568384,0.001348799568384,True,True,True,1.0329537004383778,1.0329537004383778,0.0
17576,2026-06-28 22:50:00+00:00,4079.0,0,1,0.0004412846285855,0.0004412846285855,True,False,True,1.0334095270284218,1.0334095270284218,0.0
17577,2026-06-28 22:55:00+00:00,4080.8,0,1,0.0003185649872572,0.0003185649872572,True,False,True,1.033738735121231,1.033738735121231,0.0
17579,2026-06-28 23:05:00+00:00,4084.1,-1,-1,-0.0010283783452902,0.0010283783452902,True,True,True,1.0348018096511173,1.0348018096511173,0.0
17595,2026-06-29 00:25:00+00:00,4062.6,1,1,0.0015015015015014,0.0015015015015014,True,True,True,1.036355566122065,1.036355566122065,0.0
17598,2026-06-29 00:40:00+00:00,4083.3,0,1,-0.0007346998751009,-0.0007346998751009,True,False,False,1.035594155817075,1.036355566122065,-0.000734699875100886
17599,2026-06-29 00:45:00+00:00,4080.3,0,1,0.0008822880670538,0.0008822880670538,True,False,True,1.036507848183063,1.036507848183063,0.0
17600,2026-06-29 00:50:00+00:00,4083.9,0,1,0.0,0.0,True,False,False,1.036507848183063,1.036507848183063,0.0
17602,2026-06-29 01:00:00+00:00,4078.8,0,-1,-0.0007355104442483,0.0007355104442483,True,False,True,1.037270210530947,1.037270210530947,0.0
17603,2026-06-29 01:05:00+00:00,4075.8,-1,-1,-0.0015457088179008,0.0015457088179008,True,True,True,1.0388735282419104,1.0388735282419104,0.0
17604,2026-06-29 01:10:00+00:00,4069.5,0,1,0.0003685956505712,0.0003685956505712,True,False,True,1.039256452505914,1.039256452505914,0.0
17614,2026-06-29 02:00:00+00:00,4080.4,0,-1,-0.0009802960494069,0.0009802960494069,True,False,True,1.0402752315006263,1.0402752315006263,0.0
17620,2026-06-29 02:30:00+00:00,4083.6,-1,-1,-0.0020570085218925,0.0020570085218925,True,True,True,1.0424150865169368,1.0424150865169368,0.0
17624,2026-06-29 02:50:00+00:00,4082.5,0,-1,-0.0004164115125535,0.0004164115125535,True,False,True,1.042849160159822,1.042849160159822,0.0
17645,2026-06-29 04:35:00+00:00,4069.0,0,1,0.0005898255099532,0.0005898255099532,True,False,True,1.0434642591975176,1.0434642591975176,0.0
17651,2026-06-29 05:05:00+00:00,4066.5,0,-1,0.0008360998401573,-0.0008360998401573,True,False,False,1.0425918188971928,1.0434642591975176,-0.0008360998401572006
17662,2026-06-29 06:00:00+00:00,4073.2,0,1,0.000761072375528,0.000761072375528,True,False,True,1.043385306729507,1.0434642591975176,-7.566379712076188e-05
17667,2026-06-29 06:25:00+00:00,4075.5,0,-1,-0.0009324009324009,0.0009324009324009,True,False,True,1.044358160162355,1.044358160162355,0.0
17697,2026-06-29 08:55:00+00:00,4060.9,0,1,0.0005910019946318,0.0005910019946318,True,False,True,1.044975377918121,1.044975377918121,0.0
17708,2026-06-29 09:50:00+00:00,4048.2,0,-1,-0.0005928560841854,0.0005928560841854,True,False,True,1.0455948979287437,1.0455948979287437,0.0
17709,2026-06-29 09:55:00+00:00,4045.8,0,1,-0.0004449058282663,-0.0004449058282663,True,False,False,1.0451297066646497,1.0455948979287437,-0.00044490582826639535
17711,2026-06-29 10:05:00+00:00,4046.3,1,1,0.0017052615970145,0.0017052615970145,True,True,True,1.0469119262173239,1.0469119262173239,0.0
17712,2026-06-29 10:10:00+00:00,4053.2,0,-1,-0.0008388433830058,0.0008388433830058,True,False,True,1.0477901213592211,1.0477901213592211,0.0
17713,2026-06-29 10:15:00+00:00,4049.8,0,-1,0.0005432367030471,-0.0005432367030471,True,False,False,1.0472209233082086,1.0477901213592211,-0.000543236703047123
17714,2026-06-29 10:20:00+00:00,4052.0,0,-1,-0.0001480750246791,0.0001480750246791,True,False,True,1.047375990572272,1.0477901213592211,-0.0003952421181562249
17715,2026-06-29 10:25:00+00:00,4051.4,0,-1,-0.0008638988991459,0.0008638988991459,True,False,True,1.0482808175375191,1.0482808175375191,0.0
17716,2026-06-29 10:30:00+00:00,4047.9,1,-1,0.0011116875416883,-0.0011116875416883,True,False,False,1.0471154568124719,1.0482808175375191,-0.0011116875416882221
17728,2026-06-29 11:30:00+00:00,4049.7,0,-1,-0.0007161024273402,0.0007161024273402,True,False,True,1.0478652987328005,1.0482808175375191,-0.0003963811964953212
17734,2026-06-29 12:00:00+00:00,4059.9,0,-1,0.0006157787137615,-0.0006157787137615,True,False,False,1.0472200455869516,1.0482808175375191,-0.0010119158271534312
17735,2026-06-29 12:05:00+00:00,4062.4,0,1,-0.0001476959432847,-0.0001476959432847,True,False,False,1.047065375434492,1.0482808175375191,-0.0011594623145754213
17741,2026-06-29 12:35:00+00:00,4059.1,0,-1,-4.927200610971294e-05,4.927200610971294e-05,True,False,True,1.0471169664460678,1.0482808175375191,-0.0011102474374998783
17752,2026-06-29 13:30:00+00:00,4057.3,-1,-1,-0.0016759914228674,0.0016759914228674,True,True,True,1.0488719255005703,1.0488719255005703,0.0
17754,2026-06-29 13:40:00+00:00,4052.6,0,-1,-0.0008142920594186,0.0008142920594186,True,False,True,1.0497260135808524,1.0497260135808524,0.0
17756,2026-06-29 13:50:00+00:00,4046.1,0,-1,7.414547341899613e-05,-7.414547341899613e-05,True,False,False,1.0496481811486151,1.0497260135808524,-7.414547341899613e-05
17757,2026-06-29 13:55:00+00:00,4046.4,-1,-1,-0.0012356662712534,0.0012356662712534,True,True,True,1.050945196002743,1.050945196002743,0.0
17758,2026-06-29 14:00:00+00:00,4041.4,-1,1,-0.0028702924729053,-0.0028702924729053,True,False,False,1.0479286759172204,1.050945196002743,-0.002870292472905156
17759,2026-06-29 14:05:00+00:00,4029.8,-1,1,-0.0017370589111121,-0.0017370589111121,True,False,False,1.0461083620725085,1.050945196002743,-0.004602365516899742
17760,2026-06-29 14:10:00+00:00,4022.8,1,1,0.0021378144575916,0.0021378144575916,True,True,True,1.0483447476531547,1.050945196002743,-0.002474390062849219
17761,2026-06-29 14:15:00+00:00,4031.4,0,1,0.0007441583568983,0.0007441583568983,True,False,True,1.0491248821580312,1.050945196002743,-0.0017320730439943643
17762,2026-06-29 14:20:00+00:00,4034.4,1,-1,0.0011154074955384,-0.0011154074955384,True,False,False,1.0479546804007163,1.050945196002743,-0.0028455485722767015
17763,2026-06-29 14:25:00+00:00,4038.9,0,-1,0.0003961474658942,-0.0003961474658942,True,False,False,1.0475395358097035,1.050945196002743,-0.0032405687813149564
17765,2026-06-29 14:35:00+00:00,4038.1,0,-1,-0.0007924518956934,0.0007924518956934,True,False,True,1.0483696605006698,1.050945196002743,-0.0024506848804953796
17766,2026-06-29 14:40:00+00:00,4034.9,0,-1,-0.0002478376167934,0.0002478376167934,True,False,True,1.0486294859388468,1.050945196002743,-0.002203454635602231
17767,2026-06-29 14:45:00+00:00,4033.9,1,1,0.0015865539552295,0.0015865539552295,True,True,True,1.0502931931973334,1.050945196002743,-0.0006203965800399835
17768,2026-06-29 14:50:00+00:00,4040.3,0,-1,-0.0001980050986313,0.0001980050986313,True,False,True,1.050501156604644,1.050945196002743,-0.0004225143230948136
17769,2026-06-29 14:55:00+00:00,4039.5,0,-1,-0.0009159549449189,0.0009159549449189,True,False,True,1.0514633683336791,1.0514633683336791,0.0
17771,2026-06-29 15:05:00+00:00,4037.2,0,-1,-0.0004458535618745,0.0004458535618745,True,False,True,1.0519321670216313,1.0519321670216313,0.0
17772,2026-06-29 15:10:00+00:00,4035.4,0,-1,0.0001734648361995,-0.0001734648361995,True,False,False,1.051749693780586,1.0519321670216313,-0.00017346483619951059
17773,2026-06-29 15:15:00+00:00,4036.1,-1,-1,-0.0010158321151606,0.0010158321151606,True,True,True,1.0528180948966386,1.0528180948966386,0.0
17774,2026-06-29 15:20:00+00:00,4032.0,1,1,0.0015873015873015,0.0015873015873015,True,True,True,1.0544892347298078,1.0544892347298078,0.0
17775,2026-06-29 15:25:00+00:00,4038.4,0,-1,-0.0001980982567353,0.0001980982567353,True,False,True,1.054698127208954,1.054698127208954,0.0
17776,2026-06-29 15:30:00+00:00,4037.6,0,-1,-0.0001733703190013,0.0001733703190013,True,False,True,1.0548809805597181,1.0548809805597181,0.0
17777,2026-06-29 15:35:00+00:00,4036.9,0,1,7.431444920591446e-05,7.431444920591446e-05,True,False,True,1.0549593734587661,1.0549593734587661,0.0
17779,2026-06-29 15:45:00+00:00,4041.2,0,1,0.0003959220033653,0.0003959220033653,True,False,True,1.055377055087375,1.055377055087375,0.0
17780,2026-06-29 15:50:00+00:00,4042.8,0,1,-0.000321559315326,-0.000321559315326,True,False,False,1.0550376887641302,1.055377055087375,-0.00032155931532606985
17782,2026-06-29 16:00:00+00:00,4040.7,0,-1,0.0002722300591482,-0.0002722300591482,True,False,False,1.0547504757917143,1.055377055087375,-0.0005937018363628699
17788,2026-06-29 16:30:00+00:00,4033.7,0,1,0.0004958226938047,0.0004958226938047,True,False,True,1.0552734450139132,1.055377055087375,-9.817351340191127e-05
17867,2026-06-30 00:05:00+00:00,4018.2,1,1,0.0016176397391867,0.0016176397391867,True,True,True,1.0569804972742762,1.0569804972742762,0.0
17873,2026-06-30 00:35:00+00:00,4009.1,-1,-1,-0.0010226734179741,0.0010226734179741,True,True,True,1.0580614431321558,1.0580614431321558,0.0
17874,2026-06-30 00:40:00+00:00,4005.0,0,-1,0.0001747815230961,-0.0001747815230961,True,False,False,1.057876513541596,1.0580614431321558,-0.00017478152309602368
17875,2026-06-30 00:45:00+00:00,4005.7,0,-1,-4.992885138677128e-05,4.992885138677128e-05,True,False,True,1.057929332100826,1.0580614431321558,-0.00012486139834999577
17877,2026-06-30 00:55:00+00:00,4001.3,-1,-1,-0.0019743583335416,0.0019743583335416,True,True,True,1.0600180636939576,1.0600180636939576,0.0
17878,2026-06-30 01:00:00+00:00,3993.4,-1,1,-0.0041318174988731,-0.0041318174988731,True,False,False,1.0556382625092653,1.0600180636939576,-0.004131817498873147
17879,2026-06-30 01:05:00+00:00,3976.9,-1,1,-0.0013075511076466,-0.0013075511076466,True,False,False,1.0542579615298473,1.0600180636939576,-0.0054339660439722826
17880,2026-06-30 01:10:00+00:00,3971.7,1,1,0.0030717325074904,0.0030717325074904,True,True,True,1.0574963599815592,1.0600180636939576,-0.0023789252266236405
17881,2026-06-30 01:15:00+00:00,3983.9,0,1,-0.0001004041266096,-0.0001004041266096,True,False,False,1.0573901829831425,1.0600180636939576,-0.0024790904993235996
17882,2026-06-30 01:20:00+00:00,3983.5,1,1,0.002158905485126,0.002158905485126,True,True,True,1.0596729884491032,1.0600180636939576,-0.0003255371362747006
17883,2026-06-30 01:25:00+00:00,3992.1,0,-1,-0.0007264347085493,0.0007264347085493,True,False,True,1.0604427716876248,1.0604427716876248,0.0
17887,2026-06-30 01:45:00+00:00,3976.1,0,1,0.0001760519101632,0.0001760519101632,True,False,True,1.0606294646631993,1.0606294646631993,0.0
17888,2026-06-30 01:50:00+00:00,3976.8,1,1,0.0014836049084689,0.0014836049084689,True,True,True,1.0622030197430405,1.0622030197430405,0.0
17890,2026-06-30 02:00:00+00:00,3982.7,-1,-1,-0.0026112938458833,0.0026112938458833,True,True,True,1.0649767439515743,1.0649767439515743,0.0
17891,2026-06-30 02:05:00+00:00,3972.3,0,1,-0.0003272663192609,-0.0003272663192609,True,False,False,1.0646282129324827,1.0649767439515743,-0.00032726631926105476
17892,2026-06-30 02:10:00+00:00,3971.0,0,1,0.0008058423570889,0.0008058423570889,True,False,True,1.0654861354410154,1.0654861354410154,0.0
17893,2026-06-30 02:15:00+00:00,3974.2,0,1,0.0006290574203613,0.0006290574203613,True,False,True,1.0661563874008066,1.0661563874008066,0.0
17895,2026-06-30 02:25:00+00:00,3975.5,0,-1,-0.0009810086781537,0.0009810086781537,True,False,True,1.0672022960691159,1.0672022960691159,0.0
17897,2026-06-30 02:35:00+00:00,3976.1,0,1,-0.0008802595508161,-0.0008802595508161,True,False,False,1.0662628810553483,1.0672022960691159,-0.0008802595508159428
17908,2026-06-30 03:30:00+00:00,3974.0,0,1,0.0009813789632611,0.0009813789632611,True,False,True,1.0673092890161222,1.0673092890161222,0.0
17920,2026-06-30 04:30:00+00:00,4009.5,0,1,-0.0007981045018081,-0.0007981045018081,True,False,False,1.066457464667737,1.0673092890161222,-0.0007981045018079502
17923,2026-06-30 04:45:00+00:00,4002.8,0,1,-0.0002248426101728,-0.0002248426101728,True,False,False,1.066217679587743,1.0673092890161222,-0.00102276766408127
17931,2026-06-30 05:25:00+00:00,3996.2,-1,-1,-0.0014263550372853,0.0014263550372853,True,True,True,1.0677384845458655,1.0677384845458655,0.0
17938,2026-06-30 06:00:00+00:00,3998.1,0,1,0.000650308896726,0.000650308896726,True,False,True,1.0684328443817424,1.0684328443817424,0.0
17942,2026-06-30 06:20:00+00:00,4013.5,1,1,0.0029899090569327,0.0029899090569327,True,True,True,1.0716273614198837,1.0716273614198837,0.0
17943,2026-06-30 06:25:00+00:00,4025.5,1,1,0.0046205440317972,0.0046205440317972,True,True,True,1.076578862829003,1.076578862829003,0.0
17944,2026-06-30 06:30:00+00:00,4044.1,-1,-1,-0.0020523725921712,0.0020523725921712,True,True,True,1.078788403780384,1.078788403780384,0.0
17946,2026-06-30 06:40:00+00:00,4039.1,1,-1,0.0016092693916962,-0.0016092693916962,True,False,False,1.0770523426220635,1.078788403780384,-0.0016092693916962553
17947,2026-06-30 06:45:00+00:00,4045.6,-1,-1,-0.0011123195570496,0.0011123195570496,True,True,True,1.078250369006728,1.078788403780384,-0.000498739856463648
17948,2026-06-30 06:50:00+00:00,4041.1,0,-1,0.000593897701121,-0.000593897701121,True,False,False,1.077609998591342,1.078788403780384,-0.001092341357130433
17949,2026-06-30 06:55:00+00:00,4043.5,0,-1,-0.0007419314949919,0.0007419314949919,True,False,True,1.0784095113886152,1.078788403780384,-0.00035122030459466824
17950,2026-06-30 07:00:00+00:00,4040.5,0,-1,0.0003464917708204,-0.0003464917708204,True,False,False,1.0780358513673447,1.078788403780384,-0.0006975903804696815
17951,2026-06-30 07:05:00+00:00,4041.9,0,-1,-0.0006432618323065,0.0006432618323065,True,False,True,1.0787293106843874,1.078788403780384,-5.477728142944116e-05
17952,2026-06-30 07:10:00+00:00,4039.3,0,1,0.0009655138266531,0.0009655138266531,True,False,True,1.0797708387490692,1.0797708387490692,0.0
17957,2026-06-30 07:35:00+00:00,4045.4,0,1,-0.0006427052949028,-0.0006427052949028,True,False,False,1.0790768643137234,1.0797708387490692,-0.0006427052949029566
17966,2026-06-30 08:20:00+00:00,4035.0,1,1,0.0012143742255266,0.0012143742255266,True,True,True,1.080387267445108,1.080387267445108,0.0
18014,2026-06-30 12:20:00+00:00,4031.7,0,-1,-0.0002232308951557,0.0002232308951557,True,False,True,1.0806284432619346,1.0806284432619346,0.0
18015,2026-06-30 12:25:00+00:00,4030.8,0,-1,-0.0002480897092388,0.0002480897092388,True,False,True,1.0808965360582186,1.0808965360582186,0.0
18017,2026-06-30 12:35:00+00:00,4032.0,0,1,9.920634920645988e-05,9.920634920645988e-05,True,False,True,1.081003767857431,1.081003767857431,0.0
18021,2026-06-30 12:55:00+00:00,4023.9,1,1,0.0015159422450856,0.0015159422450856,True,True,True,1.0826425071362227,1.0826425071362227,0.0
18026,2026-06-30 13:20:00+00:00,4033.7,1,1,0.0011156010610604,0.0011156010610604,True,True,True,1.083850304265933,1.083850304265933,0.0
18029,2026-06-30 13:35:00+00:00,4028.1,1,1,0.0027804672177951,0.0027804672177951,True,True,True,1.0868639145059418,1.0868639145059418,0.0
18031,2026-06-30 13:45:00+00:00,4038.5,1,-1,0.0011142751021417,-0.0011142751021417,True,False,False,1.0856528491065915,1.0868639145059418,-0.001114275102141682
18032,2026-06-30 13:50:00+00:00,4043.0,0,-1,0.0002226069750186,-0.0002226069750186,True,False,False,1.0854111752099316,1.0868639145059418,-0.0013366340317504388
18035,2026-06-30 14:05:00+00:00,4058.0,0,1,0.0,0.0,True,False,False,1.0854111752099316,1.0868639145059418,-0.0013366340317504388
18036,2026-06-30 14:10:00+00:00,4058.0,1,1,0.0014046328240511,0.0014046328240511,True,True,True,1.0869357793742234,1.0869357793742234,0.0
18037,2026-06-30 14:15:00+00:00,4063.7,1,1,0.0033467037428944,0.0033467037428944,True,True,True,1.090573431415341,1.090573431415341,0.0
18038,2026-06-30 14:20:00+00:00,4077.3,-1,-1,-0.0020847129227674,0.0020847129227674,True,True,True,1.0928469639410394,1.0928469639410394,0.0
18043,2026-06-30 14:45:00+00:00,4058.8,0,-1,-0.0002463782398738,0.0002463782398738,True,False,True,1.0931162176524667,1.0931162176524667,0.0
18046,2026-06-30 15:00:00+00:00,4049.4,0,-1,7.408504963701823e-05,-7.408504963701823e-05,True,False,False,1.0930352340832228,1.0931162176524667,-7.408504963712925e-05
18047,2026-06-30 15:05:00+00:00,4049.7,0,1,0.0002222386843471,0.0002222386843471,True,False,True,1.0932781487955905,1.0932781487955905,0.0
18050,2026-06-30 15:20:00+00:00,4041.8,0,1,0.0002226730664554,0.0002226730664554,True,False,True,1.0935215923934716,1.0935215923934716,0.0
18051,2026-06-30 15:25:00+00:00,4042.7,0,1,0.0003215672693992,0.0003215672693992,True,False,True,1.0938732331459666,1.0938732331459666,0.0
18052,2026-06-30 15:30:00+00:00,4044.0,0,-1,0.0002967359050445,-0.0002967359050445,True,False,False,1.0935486416821252,1.0938732331459666,-0.0002967359050444207
18053,2026-06-30 15:35:00+00:00,4045.2,0,-1,-0.0003708098487096,0.0003708098487096,True,False,True,1.093954140288504,1.093954140288504,0.0
18054,2026-06-30 15:40:00+00:00,4043.7,1,1,0.0010633825456884,0.0010633825456884,True,True,True,1.0951174320270705,1.0951174320270705,0.0
18158,2026-07-01 01:20:00+00:00,3996.2,0,1,0.0006005705420148,0.0006005705420148,True,False,True,1.0957751272967928,1.0957751272967928,0.0
18167,2026-07-01 02:05:00+00:00,3985.5,0,1,0.0009785472337222,0.0009785472337222,True,False,True,1.0968473950163908,1.0968473950163908,0.0
18184,2026-07-01 03:30:00+00:00,3989.7,1,1,0.0011279043537109,0.0011279043537109,True,True,True,1.0980845339685863,1.0980845339685863,0.0
18215,2026-07-01 06:05:00+00:00,3979.2,0,-1,-0.0003015681544028,0.0003015681544028,True,False,True,1.0984156812948733,1.0984156812948733,0.0
18217,2026-07-01 06:15:00+00:00,3979.2,0,1,0.0007287897064736,0.0007287897064736,True,False,True,1.0992161953368302,1.0992161953368302,0.0
18220,2026-07-01 06:30:00+00:00,3978.0,0,1,0.000603318250377,0.000603318250377,True,False,True,1.099879372528587,1.099879372528587,0.0
18232,2026-07-01 07:30:00+00:00,3975.9,1,1,0.0015845468950426,0.0015845468950426,True,True,True,1.1016221829732484,1.1016221829732484,0.0
18236,2026-07-01 07:50:00+00:00,3984.0,1,1,0.001179718875502,0.001179718875502,True,True,True,1.1029217874561739,1.1029217874561739,0.0
18237,2026-07-01 07:55:00+00:00,3988.7,-1,-1,-0.0010279038283149,0.0010279038283149,True,True,True,1.104055484983832,1.104055484983832,0.0
18241,2026-07-01 08:15:00+00:00,3995.9,0,-1,-0.0009009234465326,0.0009009234465326,True,False,True,1.105050154456527,1.105050154456527,0.0
18253,2026-07-01 09:15:00+00:00,3991.7,0,-1,-0.0002755718115088,0.0002755718115088,True,False,True,1.1053546751293988,1.1053546751293988,0.0
18274,2026-07-01 11:00:00+00:00,4020.2,0,1,0.0009701009900004,0.0009701009900004,True,False,True,1.1064269807940434,1.1064269807940434,0.0
18275,2026-07-01 11:05:00+00:00,4024.1,1,1,0.0014164657935935,0.0014164657935935,True,True,True,1.1079941967654472,1.1079941967654472,0.0
18276,2026-07-01 11:10:00+00:00,4029.8,1,1,0.0015881681473024,0.0015881681473024,True,True,True,1.109753877856146,1.109753877856146,0.0
18277,2026-07-01 11:15:00+00:00,4036.2,0,1,0.0003964124671722,0.0003964124671722,True,False,True,1.110193798128821,1.110193798128821,0.0
18278,2026-07-01 11:20:00+00:00,4037.8,0,1,0.000520085194908,0.000520085194908,True,False,True,1.1107711934867066,1.1107711934867066,0.0
18279,2026-07-01 11:25:00+00:00,4039.9,0,-1,-0.0004208024951113,0.0004208024951113,True,False,True,1.1112386087764237,1.1112386087764237,0.0
18282,2026-07-01 11:40:00+00:00,4043.1,1,1,0.001211941332146,0.001211941332146,True,True,True,1.1125853647762762,1.1125853647762762,0.0
18283,2026-07-01 11:45:00+00:00,4048.0,0,-1,-0.0004940711462451,0.0004940711462451,True,False,True,1.1131350611027468,1.1131350611027468,0.0
18288,2026-07-01 12:10:00+00:00,4036.0,1,1,0.0015113974231912,0.0015113974231912,True,True,True,1.1148174505657613,1.1148174505657613,0.0
18292,2026-07-01 12:30:00+00:00,4042.8,-1,-1,-0.0011872959335115,0.0011872959335115,True,True,True,1.1161410687914257,1.1161410687914257,0.0
18299,2026-07-01 13:05:00+00:00,4031.7,0,1,0.0007192995510578,0.0007192995510578,True,False,True,1.1169439085611246,1.1169439085611246,0.0
18300,2026-07-01 13:10:00+00:00,4034.6,1,-1,0.0010162097853565,-0.0010162097853565,True,False,False,1.1158088592315503,1.1169439085611246,-0.0010162097853566587
18301,2026-07-01 13:15:00+00:00,4038.7,1,-1,0.0046797236734592,-0.0046797236734592,True,False,False,1.110587182097949,1.1169439085611246,-0.005691177877826026
18302,2026-07-01 13:20:00+00:00,4057.6,0,1,0.0008872239747634,0.0008872239747634,True,False,True,1.1115725216719712,1.1169439085611246,-0.004809003252520538
18303,2026-07-01 13:25:00+00:00,4061.2,0,1,0.0003201024327785,0.0003201024327785,True,False,True,1.1119283387403682,1.1169439085611246,-0.004490440193382295
18304,2026-07-01 13:30:00+00:00,4062.5,1,1,0.0057107692307691,0.0057107692307691,True,True,True,1.118278304884067,1.118278304884067,0.0
18305,2026-07-01 13:35:00+00:00,4085.7,1,-1,0.0067063171549552,-0.0067063171549552,True,False,False,1.1107787759040089,1.118278304884067,-0.006706317154955066
18306,2026-07-01 13:40:00+00:00,4113.1,-1,-1,-0.0019693175463763,0.0019693175463763,True,True,True,1.112966252037539,1.118278304884067,-0.0047502064766236085
18308,2026-07-01 13:50:00+00:00,4102.3,0,-1,0.0004631548155911,-0.0004631548155911,True,False,False,1.1124507763583174,1.118278304884067,-0.005211161211210125
18309,2026-07-01 13:55:00+00:00,4104.2,0,-1,-0.0009746113737146,0.0009746113737146,True,False,True,1.1135349835376538,1.118278304884067,-0.004241628694482191
18310,2026-07-01 14:00:00+00:00,4100.2,1,1,0.0020974586605533,0.0020974586605533,True,True,True,1.115870577132704,1.118278304884067,-0.0021530666747689997
18311,2026-07-01 14:05:00+00:00,4108.8,0,-1,-0.0003407320872275,0.0003407320872275,True,False,True,1.1162507900435261,1.118278304884067,-0.0018130682064435577
18312,2026-07-01 14:10:00+00:00,4107.4,0,-1,0.0003895408287482,-0.0003895408287482,True,False,False,1.1158159647856818,1.118278304884067,-0.002201902771099995
18313,2026-07-01 14:15:00+00:00,4109.0,1,-1,0.002458018982721,-0.002458018982721,True,False,False,1.1130732679630153,1.118278304884067,-0.004654509435011556
18314,2026-07-01 14:20:00+00:00,4119.1,0,-1,-0.0009468087689059,0.0009468087689059,True,False,True,1.1141271354935576,1.118278304884067,-0.0037121075964535732
18315,2026-07-01 14:25:00+00:00,4115.2,1,1,0.0024300155520995,0.0024300155520995,True,True,True,1.116834481759823,1.118278304884067,-0.0012911125235445242
18316,2026-07-01 14:30:00+00:00,4125.2,-1,-1,-0.0011393386987297,0.0011393386987297,True,True,True,1.1181069345049677,1.118278304884067,-0.00015324483927736665
18317,2026-07-01 14:35:00+00:00,4120.5,-1,-1,-0.0032520325203251,0.0032520325203251,True,True,True,1.121743054617179,1.121743054617179,0.0
18318,2026-07-01 14:40:00+00:00,4107.1,0,1,-0.0009008789656936,-0.0009008789656936,True,False,False,1.1207324998943615,1.121743054617179,-0.0009008789656935745
18319,2026-07-01 14:45:00+00:00,4103.4,0,-1,0.0001218501730273,-0.0001218501730273,True,False,False,1.1205959384453321,1.121743054617179,-0.0010226193664629735
18320,2026-07-01 14:50:00+00:00,4103.9,0,1,0.0009746826189722,0.0009746826189722,True,False,True,1.1216881638294256,1.121743054617179,-4.893347681311777e-05
18322,2026-07-01 15:00:00+00:00,4104.3,-1,1,-0.0013400579879638,-0.0013400579879638,True,False,False,1.1201850366454815,1.121743054617179,-0.001388925891080417
18323,2026-07-01 15:05:00+00:00,4098.8,0,1,0.0001707816922025,0.0001707816922025,True,False,True,1.1203763437416199,1.121743054617179,-0.0012183814019918193
18327,2026-07-01 15:25:00+00:00,4098.3,-1,-1,-0.00141522094527,0.00141522094527,True,True,True,1.1219619238098681,1.1219619238098681,0.0
18329,2026-07-01 15:35:00+00:00,4094.9,0,1,0.0004395711738991,0.0004395711738991,True,False,True,1.1224551059297874,1.1224551059297874,0.0
18330,2026-07-01 15:40:00+00:00,4096.7,0,1,0.0003905582542047,0.0003905582542047,True,False,True,1.1228934900363825,1.1228934900363825,0.0
18332,2026-07-01 15:50:00+00:00,4098.4,0,-1,-0.0008051922701541,0.0008051922701541,True,False,True,1.1237976351947663,1.1237976351947663,0.0
18333,2026-07-01 15:55:00+00:00,4095.1,1,1,0.0010988742643649,0.0010988742643649,True,True,True,1.125032547494436,1.125032547494436,0.0
18334,2026-07-01 16:00:00+00:00,4099.6,0,1,-0.0003171041077179,-0.0003171041077179,True,False,False,1.1246757950523092,1.125032547494436,-0.00031710410771790265
18337,2026-07-01 16:15:00+00:00,4098.4,0,1,-0.0005611946125315,-0.0005611946125315,True,False,False,1.1240446330552814,1.125032547494436,-0.0008781207631324284
18343,2026-07-01 16:45:00+00:00,4087.1,0,-1,-2.446722615057073e-05,2.446722615057073e-05,True,False,True,1.1240721353095215,1.125032547494436,-0.000853675022161271
18368,2026-07-01 18:50:00+00:00,4072.2,0,1,0.0009331565247285,0.0009331565247285,True,False,True,1.1251210705568513,1.1251210705568513,0.0
18380,2026-07-01 19:50:00+00:00,4055.5,0,1,-0.0007890519048205,-0.0007890519048205,True,False,False,1.1242332916329747,1.1251210705568513,-0.0007890519048204814
18381,2026-07-01 19:55:00+00:00,4052.3,-1,-1,-0.0020975742171113,0.0020975742171113,True,True,True,1.1265914543995221,1.1265914543995221,0.0
18382,2026-07-01 20:00:00+00:00,4043.8,1,1,0.0010880854641672,0.0010880854641672,True,True,True,1.1278172821851093,1.1278172821851093,0.0
18383,2026-07-01 20:05:00+00:00,4048.2,0,1,0.0002470233684106,0.0002470233684106,True,False,True,1.1280958794091065,1.1280958794091065,0.0
18384,2026-07-01 20:10:00+00:00,4049.2,0,1,4.939247258728408e-05,4.939247258728408e-05,True,False,True,1.1281515988539061,1.1281515988539061,0.0
18430,2026-07-02 01:00:00+00:00,4077.2,0,-1,-0.0002452663592661,0.0002452663592661,True,False,True,1.1284282964892571,1.1284282964892571,0.0
18434,2026-07-02 01:20:00+00:00,4064.2,0,1,0.0002460508833226,0.0002460508833226,True,False,True,1.1287059472683745,1.1287059472683745,0.0
18435,2026-07-02 01:25:00+00:00,4065.2,-1,1,-0.0013283479287611,-0.0013283479287611,True,False,False,1.12720663306114,1.1287059472683745,-0.001328347928761131
18436,2026-07-02 01:30:00+00:00,4059.8,1,1,0.0012808512734616,0.0012808512734616,True,True,True,1.1286504171125509,1.1287059472683745,-4.919807143566324e-05
18438,2026-07-02 01:40:00+00:00,4059.8,1,-1,0.001231587762944,-0.001231587762944,True,False,False,1.1272603850701934,1.1287059472683745,-0.0012807252426368931
18446,2026-07-02 02:20:00+00:00,4063.0,0,-1,0.0002215111986216,-0.0002215111986216,True,False,False,1.1270106842711378,1.1287059472683745,-0.0015019527462749593
18450,2026-07-02 02:40:00+00:00,4068.3,0,1,0.0001966423321779,0.0001966423321779,True,False,True,1.1272323022804824,1.1287059472683745,-0.0013056057615877803
18451,2026-07-02 02:45:00+00:00,4069.1,0,1,0.0002211791305202,0.0002211791305202,True,False,True,1.1274816225409952,1.1287059472683745,-0.0010847154038147178
18480,2026-07-02 05:10:00+00:00,4067.5,0,1,0.0007867240319605,0.0007867240319605,True,False,True,1.128368639429042,1.1287059472683745,-0.0002988447435302577
18504,2026-07-02 07:10:00+00:00,4080.1,0,-1,-0.000735276096174,0.000735276096174,True,False,True,1.1291983019172867,1.1291983019172867,0.0
18510,2026-07-02 07:40:00+00:00,4086.8,-1,-1,-0.0011011059998042,0.0011011059998042,True,True,True,1.1304416689424965,1.1304416689424965,0.0
18518,2026-07-02 08:20:00+00:00,4087.7,0,-1,-0.0001223181740342,0.0001223181740342,True,False,True,1.1305799425032936,1.1305799425032936,0.0
18532,2026-07-02 09:30:00+00:00,4078.2,0,1,0.0003923299494876,0.0003923299494876,True,False,True,1.1310235028750277,1.1310235028750277,0.0
18563,2026-07-02 12:05:00+00:00,4081.8,-1,-1,-0.001347444754765,0.001347444754765,True,True,True,1.1325474945614926,1.1325474945614926,0.0
18564,2026-07-02 12:10:00+00:00,4076.3,0,1,-0.0004906410224958,-0.0004906410224958,True,False,False,1.1319918203007358,1.1325474945614926,-0.0004906410224959634
18568,2026-07-02 12:30:00+00:00,4140.0,1,-1,0.0025120772946858,-0.0025120772946858,True,False,False,1.1291481693511882,1.1325474945614926,-0.0030014857890092728
18569,2026-07-02 12:35:00+00:00,4150.4,-1,-1,-0.0011806090979181,0.0011806090979181,True,True,True,1.1304812519528218,1.1325474945614926,-0.0018244202725209435
18571,2026-07-02 12:45:00+00:00,4138.1,-1,-1,-0.0012324496749717,0.0012324496749717,True,True,True,1.1318745132043526,1.1325474945614926,-0.0005942191037211497
18572,2026-07-02 12:50:00+00:00,4133.0,0,-1,-0.0006048874909266,0.0006048874909266,True,False,True,1.1325591699386885,1.1325591699386885,0.0
18573,2026-07-02 12:55:00+00:00,4130.5,1,1,0.0023241738288344,0.0023241738288344,True,True,True,1.1351914343210665,1.1351914343210665,0.0
18574,2026-07-02 13:00:00+00:00,4140.1,-1,-1,-0.0021980145407116,0.0021980145407116,True,True,True,1.1376866016001956,1.1376866016001956,0.0
18575,2026-07-02 13:05:00+00:00,4131.0,1,-1,0.0015008472524811,-0.0015008472524811,True,False,False,1.1359791077899994,1.1376866016001956,-0.001500847252481119
18576,2026-07-02 13:10:00+00:00,4137.2,-1,-1,-0.0013052305907376,0.0013052305907376,True,True,True,1.1374618224719257,1.1376866016001956,-0.0001975756134894313
18577,2026-07-02 13:15:00+00:00,4131.8,-1,-1,-0.0012343288639334,0.0012343288639334,True,True,True,1.138865824431025,1.138865824431025,0.0
18578,2026-07-02 13:20:00+00:00,4126.7,0,1,-0.0002180919378679,-0.0002180919378679,True,False,False,1.1386174469764032,1.138865824431025,-0.00021809193786803682
18579,2026-07-02 13:25:00+00:00,4125.8,1,1,0.0037568471569149,0.0037568471569149,True,True,True,1.1428950586948903,1.1428950586948903,0.0
18580,2026-07-02 13:30:00+00:00,4141.3,1,-1,0.0016419964745371,-0.0016419964745371,True,False,False,1.1410184290377474,1.1428950586948903,-0.0016419964745371107
18581,2026-07-02 13:35:00+00:00,4148.1,0,-1,-0.0002410742267544,0.0002410742267544,True,False,True,1.1412934991732402,1.1428950586948903,-0.0014013180908131195
18582,2026-07-02 13:40:00+00:00,4147.1,1,-1,0.001615586795592,-0.001615586795592,True,False,False,1.1394496404660808,1.1428950586948903,-0.0030146409354012693
18583,2026-07-02 13:45:00+00:00,4153.8,-1,1,-0.0017333525928064,-0.0017333525928064,True,False,False,1.1374745724774067,1.1428950586948903,-0.004742768092525829
18584,2026-07-02 13:50:00+00:00,4146.6,0,-1,0.0007717165870833,-0.0007717165870833,True,False,False,1.1365967644824404,1.1428950586948903,-0.005510824606803411
18585,2026-07-02 13:55:00+00:00,4149.8,-1,-1,-0.0015663405465323,0.0015663405465323,True,True,True,1.1383770620797067,1.1428950586948903,-0.003953115888297609
18586,2026-07-02 14:00:00+00:00,4143.3,0,-1,-0.0006275191272657,0.0006275191272657,True,False,True,1.1390914154602023,1.1428950586948903,-0.003328077416864028
18587,2026-07-02 14:05:00+00:00,4140.7,0,-1,0.0001449030357187,-0.0001449030357187,True,False,False,1.138926357656141,1.1428950586948903,-0.0034724982040619246
18589,2026-07-02 14:15:00+00:00,4143.5,-1,-1,-0.0018100639555931,0.0018100639555931,True,True,True,1.1409878872042094,1.1428950586948903,-0.001668719692303755
18590,2026-07-02 14:20:00+00:00,4136.0,-1,-1,-0.0016682785299805,0.0016682785299805,True,True,True,1.1428913727994,1.1428950586948903,-3.2250515585863226e-06
18591,2026-07-02 14:25:00+00:00,4129.1,0,1,0.0008718606960353,0.0008718606960353,True,False,True,1.1438878148671816,1.1438878148671816,0.0
18594,2026-07-02 14:40:00+00:00,4131.5,0,1,0.0009197627980153,0.0009197627980153,True,False,True,1.1449399203243995,1.1449399203243995,0.0
18598,2026-07-02 15:00:00+00:00,4140.2,-1,-1,-0.0015216656200184,0.0015216656200184,True,True,True,1.1466821360381436,1.1466821360381436,0.0
18599,2026-07-02 15:05:00+00:00,4133.9,1,1,0.0014514139190595,0.0014514139190595,True,True,True,1.1483464464511264,1.1483464464511264,0.0
18602,2026-07-02 15:20:00+00:00,4142.8,-1,-1,-0.0017138167422999,0.0017138167422999,True,True,True,1.150314501817015,1.150314501817015,0.0
18605,2026-07-02 15:35:00+00:00,4140.6,0,-1,-0.0005071728734966,0.0005071728734966,True,False,True,1.1508979101283263,1.1508979101283263,0.0
18606,2026-07-02 15:40:00+00:00,4138.5,0,-1,0.0007732270146187,-0.0007732270146187,True,False,False,1.150008004773147,1.1508979101283263,-0.0007732270146186826
18607,2026-07-02 15:45:00+00:00,4141.7,0,-1,-4.828934978384769e-05,4.828934978384769e-05,True,False,True,1.1500635379119435,1.1508979101283263,-0.0007249750034646896
18608,2026-07-02 15:50:00+00:00,4141.5,0,1,-2.4145840878952995e-05,-2.4145840878952995e-05,True,False,False,1.1500357686607563,1.1508979101283263,-0.0007491033392126312
18609,2026-07-02 15:55:00+00:00,4141.4,0,1,-0.0004587820543776,-0.0004587820543776,True,False,False,1.1495081528882025,1.1508979101283263,-0.001207541718421301
18616,2026-07-02 16:30:00+00:00,4115.8,1,1,0.0017736527528062,0.0017736527528062,True,True,True,1.151546981187946,1.151546981187946,0.0
18617,2026-07-02 16:35:00+00:00,4123.1,1,1,0.001067158206204,0.001067158206204,True,True,True,1.1527758639987502,1.1527758639987502,0.0
18620,2026-07-02 16:50:00+00:00,4130.7,0,-1,0.0001210448592248,-0.0001210448592248,True,False,False,1.1526363264065747,1.1527758639987502,-0.000121044859224817
18621,2026-07-02 16:55:00+00:00,4131.2,0,-1,-0.0005083268783887,0.0005083268783887,True,False,True,1.1532222424322944,1.1532222424322944,0.0
18622,2026-07-02 17:00:00+00:00,4129.1,0,-1,0.0001937468213411,-0.0001937468213411,True,False,False,1.1529988092885233,1.1532222424322944,-0.00019374682134110088
18634,2026-07-02 18:00:00+00:00,4127.4,1,-1,0.0019140378931048,-0.0019140378931048,True,False,False,1.1507919258768402,1.1532222424322944,-0.0021074138756883576
18637,2026-07-02 18:15:00+00:00,4130.0,0,-1,0.000266343825666,-0.000266343825666,True,False,False,1.1504854195527565,1.1532222424322944,-0.0023731964046804777
18685,2026-07-02 23:15:00+00:00,4137.8,0,-1,0.0004591812074048,-0.0004591812074048,True,False,False,1.1499571382687046,1.1532222424322944,-0.0028312878848948397
18698,2026-07-03 00:20:00+00:00,4151.5,0,1,-0.0002649644706733,-0.0002649644706733,True,False,False,1.1496524404842663,1.1532222424322944,-0.0030955021648724212
18704,2026-07-03 00:50:00+00:00,4159.8,0,1,4.807923457850194e-05,4.807923457850194e-05,True,False,True,1.149707714893636,1.1532222424322944,-0.0030475717596685215
18705,2026-07-03 00:55:00+00:00,4160.0,1,1,0.0034855769230768,0.0034855769230768,True,True,True,1.1537151095729528,1.1537151095729528,0.0
18706,2026-07-03 01:00:00+00:00,4174.5,1,1,0.0025631812193076,0.0025631812193076,True,True,True,1.1566722904742417,1.1566722904742417,0.0
18707,2026-07-03 01:05:00+00:00,4185.2,0,1,0.0008362802255568,0.0008362802255568,True,False,True,1.1576395926382148,1.1576395926382148,0.0
18708,2026-07-03 01:10:00+00:00,4188.7,0,1,0.0004536013560294,0.0004536013560294,True,False,True,1.1581646995272288,1.1581646995272288,0.0
18709,2026-07-03 01:15:00+00:00,4190.6,1,1,0.0032453586598577,0.0032453586598577,True,True,True,1.161923359364381,1.161923359364381,0.0
18710,2026-07-03 01:20:00+00:00,4204.2,-1,-1,-0.0010465724751438,0.0010465724751438,True,True,True,1.1631393963705183,1.1631393963705183,0.0
18711,2026-07-03 01:25:00+00:00,4199.8,1,-1,0.0012857755131194,-0.0012857755131194,True,False,False,1.1616438602163206,1.1631393963705183,-0.0012857755131194804
18712,2026-07-03 01:30:00+00:00,4205.2,-1,-1,-0.0019737467896889,0.0019737467896889,True,True,True,1.1639366510561844,1.1639366510561844,0.0
18714,2026-07-03 01:40:00+00:00,4192.2,0,-1,0.0002862458852153,-0.0002862458852153,True,False,False,1.1636034789791683,1.1639366510561844,-0.00028624588521530825
18715,2026-07-03 01:45:00+00:00,4193.4,0,-1,-0.0002623169742927,0.0002623169742927,True,False,True,1.1639087119230507,1.1639366510561844,-2.4003998077004596e-05
18716,2026-07-03 01:50:00+00:00,4192.3,0,1,0.0006201846241917,0.0006201846241917,True,False,True,1.1646305502101482,1.1646305502101482,0.0
18725,2026-07-03 02:35:00+00:00,4199.0,0,-1,-0.0005953798523458,0.0005953798523458,True,False,True,1.1653239477751696,1.1653239477751696,0.0
18729,2026-07-03 02:55:00+00:00,4196.8,0,-1,-0.0004050705299275,0.0004050705299275,True,False,True,1.165795986164232,1.165795986164232,0.0
18766,2026-07-03 06:00:00+00:00,4177.4,1,-1,0.0013166084167184,-0.0013166084167184,True,False,False,1.1642610893566716,1.165795986164232,-0.0013166084167184344
18768,2026-07-03 06:10:00+00:00,4175.2,0,-1,0.0007903812990994,-0.0007903812990994,True,False,False,1.1633408791643751,1.165795986164232,-0.002105949093146875
18769,2026-07-03 06:15:00+00:00,4178.5,0,1,-0.0003111164293406,-0.0003111164293406,True,False,False,1.1629789447039436,1.165795986164232,-0.0024164103271252513
18796,2026-07-03 08:30:00+00:00,4197.9,0,-1,-0.0007384644703303,0.0007384644703303,True,False,True,1.1638377633343497,1.165795986164232,-0.0016797302899671518
18852,2026-07-03 13:10:00+00:00,4178.5,0,1,0.0008376211559171,0.0008376211559171,True,False,True,1.1648126184669738,1.165795986164232,-0.0008435161116772116
18863,2026-07-03 14:05:00+00:00,4171.1,0,1,0.000743209225384,0.000743209225384,True,False,True,1.1656783179508623,1.165795986164232,-0.00010093379524900303
18903,2026-07-05 22:25:00+00:00,4197.4,0,-1,0.0001667699051794,-0.0001667699051794,True,False,False,1.165483917888308,1.165795986164232,-0.00026768686770883843
18909,2026-07-05 22:55:00+00:00,4200.1,0,-1,0.0003809433108734,-0.0003809433108734,True,False,False,1.165039934585858,1.165795986164232,-0.0006485282050606722
18914,2026-07-05 23:20:00+00:00,4201.9,1,-1,0.0024274732858946,-0.0024274732858946,True,False,False,1.1622118312676504,1.165795986164232,-0.0030744272060623246
18919,2026-07-05 23:45:00+00:00,4194.3,0,1,7.152564194257138e-05,7.152564194257138e-05,True,False,True,1.162294959214955,1.165795986164232,-0.0030031214644993254
18922,2026-07-06 00:00:00+00:00,4187.6,0,1,0.0004537205081669,0.0004537205081669,True,False,True,1.16282231627449,1.165795986164232,-0.002550763534129308
18923,2026-07-06 00:05:00+00:00,4189.5,0,1,-0.0006205991168397,-0.0006205991168397,True,False,False,1.1621006697719685,1.165795986164232,-0.003169779649372484
18925,2026-07-06 00:15:00+00:00,4190.8,0,-1,-0.0005726830199486,0.0005726830199486,True,False,True,1.1627661850930178,1.165795986164232,-0.0025989119084059986
18927,2026-07-06 00:25:00+00:00,4186.4,1,1,0.001576533537168,0.001576533537168,True,True,True,1.1645993249797018,1.165795986164232,-0.0010264756430218291
18929,2026-07-06 00:35:00+00:00,4196.4,0,1,0.0002859593937662,0.0002859593937662,True,False,True,1.1649323530966536,1.165795986164232,-0.0007408097796082203
18930,2026-07-06 00:40:00+00:00,4197.6,0,1,-0.0001429388221841,-0.0001429388221841,True,False,False,1.1647658390381779,1.165795986164232,-0.0008836427113148027
18937,2026-07-06 01:15:00+00:00,4200.8,-1,-1,-0.0012378594553418,0.0012378594553418,True,True,True,1.1662076554452903,1.1662076554452903,0.0
18940,2026-07-06 01:30:00+00:00,4209.5,0,1,-0.000285069485687,-0.000285069485687,True,False,False,1.1658752052287482,1.1662076554452903,-0.0002850694856869618
18941,2026-07-06 01:35:00+00:00,4208.3,0,1,0.0003802010312952,0.0003802010312952,True,False,True,1.1663184721841378,1.1663184721841378,0.0
18942,2026-07-06 01:40:00+00:00,4209.9,0,1,-0.0007126060001425,-0.0007126060001425,True,False,False,1.1654873466427824,1.1663184721841378,-0.0007126060001424461
18945,2026-07-06 01:55:00+00:00,4198.1,0,1,-0.0001429217979562,-0.0001429217979562,True,False,False,1.1653207730957051,1.1663184721841378,-0.0008554259511677209
18946,2026-07-06 02:00:00+00:00,4197.5,-1,-1,-0.0011435378201311,0.0011435378201311,True,True,True,1.1666533614723245,1.1666533614723245,0.0
18947,2026-07-06 02:05:00+00:00,4192.7,0,1,0.0001192548954134,0.0001192548954134,True,False,True,1.1667924905969305,1.1667924905969305,0.0
18948,2026-07-06 02:10:00+00:00,4193.2,0,1,0.0005485071067443,0.0005485071067443,True,False,True,1.167432484570119,1.167432484570119,0.0
18949,2026-07-06 02:15:00+00:00,4195.5,-1,1,-0.0012155881301395,-0.0012155881301395,True,False,False,1.1660133674991362,1.167432484570119,-0.0012155881301395555
18950,2026-07-06 02:20:00+00:00,4190.4,0,-1,-0.0002386407025581,0.0002386407025581,True,False,True,1.1662916257483482,1.167432484570119,-0.0009772375163868974
18958,2026-07-06 03:00:00+00:00,4182.2,0,-1,-0.0005977715078188,0.0005977715078188,True,False,True,1.1669888016520282,1.167432484570119,-0.0003800501733117745
18993,2026-07-06 05:55:00+00:00,4159.7,0,1,-0.0003606029280958,-0.0003606029280958,True,False,False,1.1665679820730974,1.167432484570119,-0.0007405160542023337
19001,2026-07-06 06:35:00+00:00,4167.9,0,-1,-0.0001199644905107,0.0001199644905107,True,False,True,1.166707928806713,1.167432484570119,-0.0006206403993227472
19036,2026-07-06 09:30:00+00:00,4149.4,1,1,0.0010121945341496,0.0010121945341496,True,True,True,1.1678888641952003,1.1678888641952003,0.0
19074,2026-07-06 12:40:00+00:00,4144.9,0,1,0.0005548987912857,0.0005548987912857,True,False,True,1.1685369243142985,1.1685369243142985,0.0
19078,2026-07-06 13:00:00+00:00,4156.9,0,-1,0.000192451105391,-0.000192451105391,True,False,False,1.168312038091524,1.1685369243142985,-0.00019245110539101162
19079,2026-07-06 13:05:00+00:00,4157.7,0,-1,-0.000986122134834,0.000986122134834,True,False,True,1.169464136452679,1.169464136452679,0.0
19081,2026-07-06 13:15:00+00:00,4151.7,1,1,0.0017342293518316,0.0017342293518316,True,True,True,1.1714922554840297,1.1714922554840297,0.0
19087,2026-07-06 13:45:00+00:00,4158.7,0,1,-0.0001202298795296,-0.0001202298795296,True,False,False,1.171351407111283,1.1714922554840297,-0.00012022987952964304
19088,2026-07-06 13:50:00+00:00,4158.2,-1,1,-0.0012505410995141,-0.0012505410995141,True,False,False,1.1698865840347166,1.1714922554840297,-0.0013706206266380638
19091,2026-07-06 14:05:00+00:00,4148.8,0,1,0.0008918241419204,0.0008918241419204,True,False,True,1.1709299171336676,1.1714922554840297,-0.00048001883728188144
19094,2026-07-06 14:20:00+00:00,4144.9,1,1,0.0010132934449567,0.0010132934449567,True,True,True,1.1721164127432029,1.1721164127432029,0.0
19098,2026-07-06 14:40:00+00:00,4142.6,0,1,0.0007483223096604,0.0007483223096604,True,False,True,1.1729935336043777,1.1729935336043777,0.0
19102,2026-07-06 15:00:00+00:00,4156.5,0,-1,-2.405870323596293e-05,2.405870323596293e-05,True,False,True,1.1730217543077004,1.1730217543077004,0.0
19107,2026-07-06 15:25:00+00:00,4162.2,0,-1,0.0,-0.0,True,False,False,1.1730217543077004,1.1730217543077004,0.0
19134,2026-07-06 17:40:00+00:00,4168.4,0,-1,0.0006477305440937,-0.0006477305440937,True,False,False,1.172261952288549,1.1730217543077004,-0.0006477305440937275
19162,2026-07-06 20:00:00+00:00,4174.6,0,-1,-0.0002395439083984,0.0002395439083984,True,False,True,1.1725427604982668,1.1730217543077004,-0.00040834179560145234
19193,2026-07-06 23:35:00+00:00,4174.2,0,-1,-0.0002874802357337,0.0002874802357337,True,False,True,1.1728798433674628,1.1730217543077004,-0.00012097895006335513
19196,2026-07-06 23:50:00+00:00,4172.8,0,-1,-0.0009825536809816,0.0009825536809816,True,False,True,1.1740322607749125,1.1740322607749125,0.0
19216,2026-07-07 01:30:00+00:00,4151.2,0,1,-4.817883985352989e-05,-4.817883985352989e-05,True,False,False,1.1739756972626378,1.1740322607749125,-4.8178839853418864e-05
19219,2026-07-07 01:45:00+00:00,4156.3,0,-1,-4.811972186791191e-05,4.811972186791191e-05,True,False,True,1.17403218864667,1.1740322607749125,-6.143633768385115e-08
19224,2026-07-07 02:10:00+00:00,4154.0,0,-1,-7.221954742420156e-05,7.221954742420156e-05,True,False,True,1.1741169767199955,1.1741169767199955,0.0
19232,2026-07-07 02:50:00+00:00,4144.7,0,1,0.000772070354911,0.000772070354911,True,False,True,1.1750234776309187,1.1750234776309187,0.0
19247,2026-07-07 04:05:00+00:00,4150.9,0,1,-0.0007950083114504,-0.0007950083114504,True,False,False,1.1740893242000527,1.1750234776309187,-0.000795008311450407
19259,2026-07-07 05:05:00+00:00,4137.0,0,-1,-0.0009427121102246,0.0009427121102246,True,False,True,1.1751961524244614,1.1751961524244614,0.0
19264,2026-07-07 05:30:00+00:00,4133.8,0,-1,-0.000604770429145,0.000604770429145,True,False,True,1.1759068763058926,1.1759068763058926,0.0
19266,2026-07-07 05:40:00+00:00,4133.5,0,1,-0.0001209628644006,-0.0001209628644006,True,False,False,1.1757646352418665,1.1759068763058926,-0.00012096286440044235
19270,2026-07-07 06:00:00+00:00,4138.1,0,-1,-0.0008216331166478,0.0008216331166478,True,False,True,1.1767306824035644,1.1767306824035644,0.0
19282,2026-07-07 07:00:00+00:00,4138.4,0,-1,-0.0001208196404407,0.0001208196404407,True,False,True,1.176872854581508,1.176872854581508,0.0
19304,2026-07-07 08:50:00+00:00,4135.3,0,1,0.0004352767634754,0.0004352767634754,True,False,True,1.1773851199886722,1.1773851199886722,0.0
19311,2026-07-07 09:25:00+00:00,4132.5,1,1,0.0014035087719299,0.0014035087719299,True,True,True,1.179037590332516,1.179037590332516,0.0
19341,2026-07-07 11:55:00+00:00,4168.6,0,1,0.0005037662524587,0.0005037662524587,True,False,True,1.1796315496809058,1.1796315496809058,0.0
19342,2026-07-07 12:00:00+00:00,4170.7,1,1,0.0027093773227515,0.0027093773227515,True,True,True,1.1828276166508136,1.1828276166508136,0.0
19343,2026-07-07 12:05:00+00:00,4182.0,0,1,0.0007651841224294,0.0007651841224294,True,False,True,1.1837326975626459,1.1837326975626459,0.0
19344,2026-07-07 12:10:00+00:00,4185.2,-1,1,-0.0010752174328586,-0.0010752174328586,True,False,False,1.1824599275303818,1.1837326975626459,-0.001075217432858655
19350,2026-07-07 12:40:00+00:00,4178.0,0,1,-0.0002154140737193,-0.0002154140737193,True,False,False,1.1822052090203827,1.1837326975626459,-0.0012903998896104385
19360,2026-07-07 13:30:00+00:00,4180.5,0,1,0.0003588087549335,0.0003588087549335,True,False,True,1.1826293945995072,1.1837326975626459,-0.0009320541414546968
19361,2026-07-07 13:35:00+00:00,4182.0,1,1,0.001769488283118,0.001769488283118,True,True,True,1.184722043456522,1.184722043456522,0.0
19362,2026-07-07 13:40:00+00:00,4189.4,-1,-1,-0.0010502697283619,0.0010502697283619,True,True,True,1.1859663211552873,1.1859663211552873,0.0
19368,2026-07-07 14:10:00+00:00,4163.3,1,1,0.0015132226839287,0.0015132226839287,True,True,True,1.187760952294835,1.187760952294835,0.0
19369,2026-07-07 14:15:00+00:00,4169.6,-1,-1,-0.0015349194167307,0.0015349194167307,True,True,True,1.1895840696429467,1.1895840696429467,0.0
19371,2026-07-07 14:25:00+00:00,4169.0,-1,1,-0.0016310865915087,-0.0016310865915087,True,False,False,1.1876437550174799,1.1895840696429467,-0.0016310865915085682
19375,2026-07-07 14:45:00+00:00,4167.4,0,-1,-0.0006238901953254,0.0006238901953254,True,False,True,1.1883847143117747,1.1895840696429467,-0.0010082140151154162
19377,2026-07-07 14:55:00+00:00,4165.0,0,-1,-0.0006482593037214,0.0006482593037214,True,False,True,1.1891550957592276,1.1895840696429467,-0.00036060829550943474
19381,2026-07-07 15:15:00+00:00,4155.8,0,1,9.625102266697104e-05,9.625102266697104e-05,True,False,True,1.1892695531533042,1.1895840696429467,-0.0002643919817595375
19386,2026-07-07 15:40:00+00:00,4157.5,-1,-1,-0.0010823812387251,0.0010823812387251,True,True,True,1.1905567962054242,1.1905567962054242,0.0
19389,2026-07-07 15:55:00+00:00,4150.1,0,1,7.228741476095202e-05,7.228741476095202e-05,True,False,True,1.190642858478348,1.190642858478348,0.0
19426,2026-07-07 19:00:00+00:00,4132.0,-1,1,-0.0024201355275895,-0.0024201355275895,True,False,False,1.1877613413958739,1.190642858478348,-0.002420135527589462
19427,2026-07-07 19:05:00+00:00,4122.0,-1,1,-0.0013100436681221,-0.0013100436681221,True,False,False,1.186205322171338,1.190642858478348,-0.003727008712487545
19428,2026-07-07 19:10:00+00:00,4116.6,-1,1,-0.0017490161783998,-0.0017490161783998,True,False,False,1.1841306298719563,1.190642858478348,-0.005469506292352322
19429,2026-07-07 19:15:00+00:00,4109.4,0,1,0.0007056991288267,0.0007056991288267,True,False,True,1.184966269825874,1.190642858478348,-0.00476766698935116
19430,2026-07-07 19:20:00+00:00,4112.3,0,1,0.000486345840527,0.000486345840527,True,False,True,1.1855425732423688,1.190642858478348,-0.00428363988383329
19431,2026-07-07 19:25:00+00:00,4114.3,1,1,0.0021631869333786,0.0021631869333786,True,True,True,1.1881071234457707,1.190642858478348,-0.00212971926427874
19432,2026-07-07 19:30:00+00:00,4123.2,0,-1,-0.0004365541327124,0.0004365541327124,True,False,True,1.1886257965206162,1.190642858478348,-0.0016940948693124902
19433,2026-07-07 19:35:00+00:00,4121.4,0,-1,-0.000339690396467,0.000339690396467,True,False,True,1.1890295612886872,1.190642858478348,-0.0013549799406032959
19434,2026-07-07 19:40:00+00:00,4120.0,0,-1,0.0007524271844661,-0.0007524271844661,True,False,False,1.1881349031236397,1.190642858478348,-0.0021063876013277527
19435,2026-07-07 19:45:00+00:00,4123.1,0,-1,0.0008488758458442,-0.0008488758458442,True,False,False,1.1871263241027734,1.190642858478348,-0.0029534753856154117
19437,2026-07-07 19:55:00+00:00,4125.1,0,-1,0.0002424183656153,-0.0002424183656153,True,False,False,1.1868385428795054,1.190642858478348,-0.0031951777745549137
19466,2026-07-07 23:20:00+00:00,4114.9,0,-1,0.000267321198571,-0.000267321198571,True,False,False,1.1865212757777126,1.190642858478348,-0.0034616448343736117
19481,2026-07-08 00:35:00+00:00,4133.7,0,1,0.000120957011878,0.000120957011878,True,False,True,1.1866647938457604,1.190642858478348,-0.0033411065327109135
19482,2026-07-08 00:40:00+00:00,4134.2,0,-1,-0.0002660732427069,0.0002660732427069,True,False,True,1.186980533595465,1.190642858478348,-0.0030759222690532884
19485,2026-07-08 00:55:00+00:00,4122.5,0,-1,-0.0008004851425106,0.0008004851425106,True,False,True,1.1879306938770575,1.190642858478348,-0.0022778993566187067
19487,2026-07-08 01:05:00+00:00,4115.0,1,1,0.0010692588092344,0.0010692588092344,True,True,True,1.1892008992362455,1.190642858478348,-0.0012110762113378692
19496,2026-07-08 01:50:00+00:00,4120.1,0,-1,0.0005339676221449,-0.0005339676221449,True,False,False,1.1885659044598278,1.190642858478348,-0.0017443971579979012
19498,2026-07-08 02:00:00+00:00,4119.3,1,-1,0.0020391814143179,-0.0020391814143179,True,False,False,1.1861422029577613,1.190642858478348,-0.003780021430052072
19499,2026-07-08 02:05:00+00:00,4127.7,-1,1,-0.0010659689415412,-0.0010659689415412,True,False,False,1.184877812209157,1.190642858478348,-0.004841960986150529
19500,2026-07-08 02:10:00+00:00,4123.3,0,1,0.0006063104794702,0.0006063104794702,True,False,True,1.1855962160435911,1.190642858478348,-0.004238586238367481
19501,2026-07-08 02:15:00+00:00,4125.8,1,1,0.0012118861796499,0.0012118861796499,True,True,True,1.1870330237124596,1.190642858478348,-0.003031836742801053
19502,2026-07-08 02:20:00+00:00,4130.8,0,-1,-0.0003147090152029,0.0003147090152029,True,False,True,1.1874065937063654,1.190642858478348,-0.002718081873953837
19510,2026-07-08 03:00:00+00:00,4136.4,0,-1,0.0002417561164298,-0.0002417561164298,True,False,False,1.1871195308996476,1.190642858478348,-0.002959180877465828
19511,2026-07-08 03:05:00+00:00,4137.4,0,1,0.0003625465268042,0.0003625465268042,True,False,True,1.1875499169624768,1.190642858478348,-0.0025977071914108363
19513,2026-07-08 03:15:00+00:00,4137.8,0,-1,0.0004591812074048,-0.0004591812074048,True,False,False,1.1870046163577523,1.190642858478348,-0.0030556955804911246
19515,2026-07-08 03:25:00+00:00,4141.3,0,1,-0.0005312341535266,-0.0005312341535266,True,False,False,1.1863740389651494,1.190642858478348,-0.0035853064441625504
19523,2026-07-08 04:05:00+00:00,4139.2,0,-1,-0.0009663703131039,0.0009663703131039,True,False,True,1.1875205156166426,1.190642858478348,-0.002622400864769503
19525,2026-07-08 04:15:00+00:00,4133.6,0,1,0.0006773756531834,0.0006773756531834,True,False,True,1.1883249131015772,1.190642858478348,-0.0019468015620848211
19546,2026-07-08 06:00:00+00:00,4134.0,0,1,0.0005321722302853,0.0005321722302853,True,False,True,1.188957306620886,1.190642858478348,-0.0014156653655287288
19572,2026-07-08 08:10:00+00:00,4128.7,-1,-1,-0.0071208855087556,0.0071208855087556,True,True,True,1.197423735476132,1.197423735476132,0.0
19573,2026-07-08 08:15:00+00:00,4099.3,0,1,-0.0009025931256556,-0.0009025931256556,True,False,False,1.1963429490439943,1.197423735476132,-0.0009025931256555486
19574,2026-07-08 08:20:00+00:00,4095.6,0,1,0.000952241429827,0.000952241429827,True,False,True,1.1974821563643554,1.1974821563643554,0.0
19575,2026-07-08 08:25:00+00:00,4099.5,-1,1,-0.0014148066837419,-0.0014148066837419,True,False,False,1.1957879506058693,1.1974821563643554,-0.0014148066837420537
19576,2026-07-08 08:30:00+00:00,4093.7,-1,1,-0.003835161345482,-0.003835161345482,True,False,False,1.1912019108803125,1.1974821563643554,-0.005244542017319276
19577,2026-07-08 08:35:00+00:00,4078.0,0,1,-0.0002452182442373,-0.0002452182442373,True,False,False,1.1909098064391943,1.1974821563643554,-0.005488474204171201
19578,2026-07-08 08:40:00+00:00,4077.0,0,1,0.0002207505518763,0.0002207505518763,True,False,True,1.1911727004362007,1.1974821563643554,-0.005268935236004357
19579,2026-07-08 08:45:00+00:00,4077.9,-1,1,-0.0010544643076093,-0.0010544643076093,True,False,False,1.1899166513393922,1.1974821563643554,-0.00631784363946819
19580,2026-07-08 08:50:00+00:00,4073.6,-1,1,-0.0016692851531814,-0.0016692851531814,True,False,False,1.187930341139788,1.1974821563643554,-0.007976582510062169
19581,2026-07-08 08:55:00+00:00,4066.8,0,1,-0.0002213042195338,-0.0002213042195338,True,False,False,1.1876674471427815,1.1974821563643554,-0.008196121478229013
19582,2026-07-08 09:00:00+00:00,4065.9,-1,1,-0.0010083868270247,-0.0010083868270247,True,False,False,1.1864698189341967,1.1974821563643554,-0.00919624344432235
19583,2026-07-08 09:05:00+00:00,4061.8,1,1,0.0011078832044906,0.0011078832044906,True,True,True,1.187784288919229,1.1974821563643554,-0.008098548603488132
19584,2026-07-08 09:10:00+00:00,4066.3,0,1,0.0007869562009688,0.0007869562009688,True,False,True,1.1887190231308074,1.1974821563643554,-0.007317965605561527
19585,2026-07-08 09:15:00+00:00,4069.5,0,-1,-0.0006880452143998,0.0006880452143998,True,False,True,1.1895369155659385,1.1974821563643554,-0.006634955482375804
19590,2026-07-08 09:40:00+00:00,4058.8,0,1,0.0004434808317728,0.0004434808317728,True,False,True,1.1900644523866781,1.1974821563643554,-0.006194417126179075
19595,2026-07-08 10:05:00+00:00,4051.9,0,1,0.0006416742762653,0.0006416742762653,True,False,True,1.1908280861328726,1.1974821563643554,-0.005556717648039999
19603,2026-07-08 10:45:00+00:00,4065.8,0,-1,0.0002459540557824,-0.0002459540557824,True,False,False,1.1905351971353486,1.1974821563643554,-0.005801305006580049
19613,2026-07-08 11:35:00+00:00,4052.3,1,1,0.0054783703082199,0.0054783703082199,True,True,True,1.1970573898102257,1.1974821563643554,-0.00035471639545703315
19614,2026-07-08 11:40:00+00:00,4074.5,0,-1,-0.000589029328752,0.000589029328752,True,False,True,1.1977624917210232,1.1977624917210232,0.0
19615,2026-07-08 11:45:00+00:00,4072.1,0,-1,0.0001719014758969,-0.0001719014758969,True,False,False,1.1975565945809226,1.1977624917210232,-0.00017190147589674076
19616,2026-07-08 11:50:00+00:00,4072.8,0,-1,-0.0001227656648988,0.0001227656648988,True,False,True,1.1977036134125103,1.1977624917210232,-4.9156914596948376e-05
19617,2026-07-08 11:55:00+00:00,4072.3,0,-1,0.0006875721336836,-0.0006875721336836,True,False,False,1.1968801057835157,1.1977624917210232,-0.0007366952493559342
19618,2026-07-08 12:00:00+00:00,4075.1,1,1,0.0010797281048318,0.0010797281048318,True,True,True,1.1981724108718441,1.1981724108718441,0.0
19619,2026-07-08 12:05:00+00:00,4079.5,0,-1,0.0005637945826695,-0.0005637945826695,True,False,False,1.1974968877574905,1.1981724108718441,-0.0005637945826695301
19621,2026-07-08 12:15:00+00:00,4085.3,-1,-1,-0.0019092845078697,0.0019092845078697,True,True,True,1.199783250013508,1.199783250013508,0.0
19622,2026-07-08 12:20:00+00:00,4077.5,0,1,0.0008583690987125,0.0008583690987125,True,False,True,1.2008131068804724,1.2008131068804724,0.0
19624,2026-07-08 12:30:00+00:00,4083.6,0,-1,-7.346459006751793e-05,7.346459006751793e-05,True,False,True,1.200901324123117,1.200901324123117,0.0
19625,2026-07-08 12:35:00+00:00,4083.3,1,-1,0.0012489897876717,-0.0012489897876717,True,False,False,1.1994014106332858,1.200901324123117,-0.0012489897876717393
19626,2026-07-08 12:40:00+00:00,4088.4,1,1,0.0011495939731924,0.0011495939731924,True,True,True,1.2007802352663883,1.200901324123117,-0.00010083164561180968
19627,2026-07-08 12:45:00+00:00,4093.1,0,1,0.0003664704014072,0.0003664704014072,True,False,True,1.2012202856812082,1.2012202856812082,0.0
19629,2026-07-08 12:55:00+00:00,4082.9,1,-1,0.0016899752626808,-0.0016899752626808,True,False,False,1.1991902531133767,1.2012202856812082,-0.0016899752626807762
19630,2026-07-08 13:00:00+00:00,4089.8,-1,-1,-0.0010758472296934,0.0010758472296934,True,True,True,1.200480398625064,1.2012202856812082,-0.0006159461881919404
19631,2026-07-08 13:05:00+00:00,4085.4,0,-1,-0.0006119351838252,0.0006119351838252,True,False,True,1.2012150148184753,1.2012202856812082,-4.3879235105404035e-06
19632,2026-07-08 13:10:00+00:00,4082.9,0,-1,0.0001469543706678,-0.0001469543706678,True,False,False,1.2010384910219358,1.2012202856812082,-0.00015134164935393102
19634,2026-07-08 13:20:00+00:00,4082.2,-1,-1,-0.0011513399637449,0.0011513399637449,True,True,True,1.202421294634645,1.202421294634645,0.0
19635,2026-07-08 13:25:00+00:00,4077.5,1,1,0.0026977314530962,0.0026977314530962,True,True,True,1.2056651043810538,1.2056651043810538,0.0
19636,2026-07-08 13:30:00+00:00,4088.5,0,-1,0.0004158004158003,-0.0004158004158003,True,False,False,1.2051637883293362,1.2056651043810538,-0.0004158004158002493
19637,2026-07-08 13:35:00+00:00,4090.2,-1,-1,-0.0014669209329617,0.0014669209329617,True,True,True,1.206931668318084,1.206931668318084,0.0
19642,2026-07-08 14:00:00+00:00,4077.0,0,-1,-0.0005641402992396,0.0005641402992396,True,False,True,1.2076125471106107,1.2076125471106107,0.0
19645,2026-07-08 14:15:00+00:00,4065.6,1,1,0.0013036206218024,0.0013036206218024,True,True,True,1.2091868157301715,1.2091868157301715,0.0
19647,2026-07-08 14:25:00+00:00,4071.5,-1,-1,-0.0013508534937983,0.0013508534937983,True,True,True,1.2108202499648555,1.2108202499648555,0.0
19650,2026-07-08 14:40:00+00:00,4046.8,0,1,-0.0001235544133636,-0.0001235544133636,True,False,False,1.2106706477791822,1.2108202499648555,-0.0001235544133636468
19651,2026-07-08 14:45:00+00:00,4046.3,1,1,0.0021995403207868,0.0021995403207868,True,True,True,1.2133335666841656,1.2133335666841656,0.0
19652,2026-07-08 14:50:00+00:00,4055.2,0,1,-0.0008384296705463,-0.0008384296705463,True,False,False,1.2123162718215879,1.2133335666841656,-0.000838429670546259
19653,2026-07-08 14:55:00+00:00,4051.8,0,-1,-0.0008884940026655,0.0008884940026655,True,False,True,1.2133934075584352,1.2133934075584352,0.0
19654,2026-07-08 15:00:00+00:00,4048.2,0,1,0.0006175584210266,0.0006175584210266,True,False,True,1.2141427488752912,1.2141427488752912,0.0
19655,2026-07-08 15:05:00+00:00,4050.7,-1,1,-0.0015059125583232,-0.0015059125583232,True,False,False,1.2123143560621628,1.2141427488752912,-0.0015059125583232191
19656,2026-07-08 15:10:00+00:00,4044.6,0,-1,-0.0005192107995846,0.0005192107995846,True,False,True,1.2129438027683217,1.2141427488752912,-0.0009874836448021673
19660,2026-07-08 15:30:00+00:00,4035.8,1,1,0.0010406858615392,0.0010406858615392,True,True,True,1.2142060962347043,1.2142060962347043,0.0
19661,2026-07-08 15:35:00+00:00,4040.0,0,1,0.0007178217821781,0.0007178217821781,True,False,True,1.2150776798186351,1.2150776798186351,0.0
19663,2026-07-08 15:45:00+00:00,4044.0,0,1,0.0002225519287835,0.0002225519287835,True,False,True,1.2153480976999005,1.2153480976999005,0.0
19664,2026-07-08 15:50:00+00:00,4044.9,0,-1,-0.0001977799203936,0.0001977799203936,True,False,True,1.2155884691499141,1.2155884691499141,0.0
19665,2026-07-08 15:55:00+00:00,4044.1,0,-1,0.0005687297544572,-0.0005687297544572,True,False,False,1.2148971278183336,1.2155884691499141,-0.000568729754457098
19669,2026-07-08 16:15:00+00:00,4050.8,0,-1,-0.0005431025970179,0.0005431025970179,True,False,True,1.2155569416035614,1.2155884691499141,-2.5936036045837163e-05
19670,2026-07-08 16:20:00+00:00,4048.6,1,-1,0.001309094501803,-0.001309094501803,True,False,False,1.2139656626946798,1.2155884691499141,-0.001334996585126591
19672,2026-07-08 16:30:00+00:00,4052.0,0,1,0.0007650542941757,0.0007650542941757,True,False,True,1.2148944123379062,1.2155884691499141,-0.0005709636358209869
19673,2026-07-08 16:35:00+00:00,4055.1,1,1,0.0028359349954378,0.0028359349954378,True,True,True,1.2183397739176172,1.2183397739176172,0.0
19674,2026-07-08 16:40:00+00:00,4066.6,0,1,0.0003442679388185,0.0003442679388185,True,False,True,1.2187592092403645,1.2187592092403645,0.0
19675,2026-07-08 16:45:00+00:00,4068.0,1,1,0.0010324483775809,0.0010324483775809,True,True,True,1.2200175152086066,1.2200175152086066,0.0
19676,2026-07-08 16:50:00+00:00,4072.2,0,1,0.0004174647610628,0.0004174647610628,True,False,True,1.2205268295290856,1.2205268295290856,0.0
19677,2026-07-08 16:55:00+00:00,4073.9,0,1,-0.0007118485971673,-0.0007118485971673,True,False,False,1.2196579992176804,1.2205268295290856,-0.0007118485971672195
19678,2026-07-08 17:00:00+00:00,4071.0,1,1,0.0011790714812085,0.0011790714812085,True,True,True,1.2210960631813859,1.2210960631813859,0.0
19680,2026-07-08 17:10:00+00:00,4075.0,0,1,0.0003680981595091,0.0003680981595091,True,False,True,1.2215455463948268,1.2215455463948268,0.0
19681,2026-07-08 17:15:00+00:00,4076.5,0,1,0.0007604562737641,0.0007604562737641,True,False,True,1.2224744783692716,1.2224744783692716,0.0
19682,2026-07-08 17:20:00+00:00,4079.6,0,1,0.0009314638690067,0.0009314638690067,True,False,True,1.2236131691766554,1.2236131691766554,0.0
19683,2026-07-08 17:25:00+00:00,4083.4,0,1,-9.79575843660374e-05,-9.79575843660374e-05,True,False,False,1.2234933069864045,1.2236131691766554,-9.795758436603741e-05
19692,2026-07-08 18:10:00+00:00,4085.7,0,-1,-0.0008811219619648,0.0008811219619648,True,False,True,1.2245713538095073,1.2245713538095073,0.0
19699,2026-07-08 18:45:00+00:00,4100.9,-1,-1,-0.0012680143383159,0.0012680143383159,True,True,True,1.2261241278444288,1.2261241278444288,0.0
19711,2026-07-08 19:45:00+00:00,4089.3,0,1,0.0008803462695325,0.0008803462695325,True,False,True,1.2272035416463605,1.2272035416463605,0.0
19757,2026-07-09 00:35:00+00:00,4088.7,0,-1,-0.0005136106831021,0.0005136106831021,True,False,True,1.2278338464956908,1.2278338464956908,0.0
19764,2026-07-09 01:10:00+00:00,4083.2,0,-1,2.449059561127065e-05,-2.449059561127065e-05,True,False,False,1.2278037761134786,1.2278338464956908,-2.4490595611159627e-05
19765,2026-07-09 01:15:00+00:00,4083.3,0,-1,-0.0004408199250606,0.0004408199250606,True,False,True,1.228345016482054,1.228345016482054,0.0
19771,2026-07-09 01:45:00+00:00,4083.0,-1,-1,-0.0011511143766838,0.0011511143766838,True,True,True,1.2297589820900543,1.2297589820900543,0.0
19772,2026-07-09 01:50:00+00:00,4078.3,0,1,0.0008582007208886,0.0008582007208886,True,False,True,1.2308143621350032,1.2308143621350032,0.0
19787,2026-07-09 03:05:00+00:00,4069.1,0,-1,-0.0002949055073603,0.0002949055073603,True,False,True,1.2311773360689349,1.2311773360689349,0.0
19788,2026-07-09 03:10:00+00:00,4067.9,0,-1,-0.0007866466727304,0.0007866466727304,True,False,True,1.2321458376238945,1.2321458376238945,0.0
19820,2026-07-09 05:50:00+00:00,4088.9,0,1,0.0006114113820343,0.0006114113820343,True,False,True,1.232899185613344,1.232899185613344,0.0
19822,2026-07-09 06:00:00+00:00,4102.4,0,-1,-0.00097503900156,0.00097503900156,True,False,True,1.2341013104043084,1.2341013104043084,0.0
19827,2026-07-09 06:25:00+00:00,4111.2,0,1,0.000608094960109,0.000608094960109,True,False,True,1.2348517611914291,1.2348517611914291,0.0
19833,2026-07-09 06:55:00+00:00,4117.7,0,1,-0.0004614226388517,-0.0004614226388517,True,False,False,1.2342819726331895,1.2348517611914291,-0.0004614226388517384
19839,2026-07-09 07:25:00+00:00,4118.6,0,-1,-0.0004856019035595,0.0004856019035595,True,False,True,1.2348813423086293,1.2348813423086293,0.0
19855,2026-07-09 08:45:00+00:00,4118.8,0,1,4.855783237833755e-05,4.855783237833755e-05,True,False,True,1.2349413054698564,1.2349413054698564,0.0
19862,2026-07-09 09:20:00+00:00,4117.0,0,-1,0.0001214476560602,-0.0001214476560602,True,False,False,1.2347913247429352,1.2349413054698564,-0.0001214476560601474
19895,2026-07-09 12:05:00+00:00,4125.2,0,-1,-0.0006302724716376,0.0006302724716376,True,False,True,1.2355695797231376,1.2355695797231376,0.0
19898,2026-07-09 12:20:00+00:00,4116.3,0,1,9.717464713454582e-05,9.717464713454582e-05,True,False,True,1.2356896457610573,1.2356896457610573,0.0
19909,2026-07-09 13:15:00+00:00,4130.2,1,1,0.0012348070311365,0.0012348070311365,True,True,True,1.2372154840239458,1.2372154840239458,0.0
19910,2026-07-09 13:20:00+00:00,4135.3,0,-1,9.672816966110886e-05,-9.672816966110886e-05,True,False,False,1.2370958104346998,1.2372154840239458,-9.672816966099784e-05
19911,2026-07-09 13:25:00+00:00,4135.7,0,1,-4.835940711367393e-05,-4.835940711367393e-05,True,False,False,1.2370359852147643,1.2372154840239458,-0.00014508289905779126
19912,2026-07-09 13:30:00+00:00,4135.5,0,1,-0.0001450852375771,-0.0001450852375771,True,False,False,1.236856509554958,1.2372154840239458,-0.0002901470872480605
19913,2026-07-09 13:35:00+00:00,4134.9,0,1,0.0005804251614309,0.0005804251614309,True,False,True,1.2375744121941834,1.2375744121941834,0.0
19914,2026-07-09 13:40:00+00:00,4137.3,0,-1,-0.0009426437531725,0.0009426437531725,True,False,True,1.2387410039829245,1.2387410039829245,0.0
19915,2026-07-09 13:45:00+00:00,4133.4,-1,-1,-0.0011612715923935,0.0011612715923935,True,True,True,1.2401795187211828,1.2401795187211828,0.0
19916,2026-07-09 13:50:00+00:00,4128.6,0,-1,0.0007508598556409,-0.0007508598556409,True,False,False,1.239248317706787,1.2401795187211828,-0.0007508598556409396
19918,2026-07-09 14:00:00+00:00,4141.4,-1,-1,-0.0012073211957308,0.0012073211957308,True,True,True,1.2407444884675283,1.2407444884675283,0.0
19922,2026-07-09 14:20:00+00:00,4132.9,0,1,0.0003387451910281,0.0003387451910281,True,False,True,1.2411647846962914,1.2411647846962914,0.0
19925,2026-07-09 14:35:00+00:00,4133.0,0,-1,0.0002177594967334,-0.0002177594967334,True,False,False,1.2408945092774126,1.2411647846962914,-0.00021775949673352724
19928,2026-07-09 14:50:00+00:00,4134.0,0,1,0.0007982583454282,0.0007982583454282,True,False,True,1.2418850636752394,1.2418850636752394,0.0
19931,2026-07-09 15:05:00+00:00,4136.6,0,-1,-0.0003142677561283,0.0003142677561283,True,False,True,1.24227534810757,1.24227534810757,0.0
19935,2026-07-09 15:25:00+00:00,4137.7,0,-1,-0.0001691761123329,0.0001691761123329,True,False,True,1.2424855114214097,1.2424855114214097,0.0
19939,2026-07-09 15:45:00+00:00,4139.2,0,-1,-0.0004831851565519,0.0004831851565519,True,False,True,1.2430858619777594,1.2430858619777594,0.0
20030,2026-07-10 00:20:00+00:00,4128.5,0,-1,2.422187235073814e-05,-2.422187235073814e-05,True,False,False,1.2430557521106895,1.2430858619777594,-2.422187235073814e-05
20041,2026-07-10 01:15:00+00:00,4135.4,0,-1,-0.0007979881027226,0.0007979881027226,True,False,True,1.244047695811895,1.244047695811895,0.0
20045,2026-07-10 01:35:00+00:00,4122.3,0,-1,-0.0002910996288478,0.0002910996288478,True,False,True,1.2444098376344148,1.2444098376344148,0.0
20046,2026-07-10 01:40:00+00:00,4121.1,0,-1,0.0003882458566886,-0.0003882458566886,True,False,False,1.2439267006709307,1.2444098376344148,-0.0003882458566886182
20068,2026-07-10 03:30:00+00:00,4137.0,-1,-1,-0.0010877447425671,0.0010877447425671,True,True,True,1.2452797753997242,1.2452797753997242,0.0
20131,2026-07-10 08:45:00+00:00,4104.6,0,1,0.0003167178287772,0.0003167178287772,True,False,True,1.245674177706409,1.245674177706409,0.0
20177,2026-07-10 12:35:00+00:00,4110.3,0,1,-0.0008758484782133,-0.0008758484782133,True,False,False,1.2445831558735152,1.245674177706409,-0.0008758484782134257
20182,2026-07-10 13:00:00+00:00,4109.3,1,1,0.0012410872898058,0.0012410872898058,True,True,True,1.2461277922093763,1.2461277922093763,0.0
20184,2026-07-10 13:10:00+00:00,4113.0,0,1,-0.0004133236080718,-0.0004133236080718,True,False,False,1.2456127381741817,1.2461277922093763,-0.0004133236080718916
20185,2026-07-10 13:15:00+00:00,4111.3,-1,-1,-0.0014593924062948,0.0014593924062948,True,True,True,1.2474305759454574,1.2474305759454574,0.0
20187,2026-07-10 13:25:00+00:00,4095.9,0,1,0.000659195781147,0.000659195781147,True,False,True,1.2482528769183945,1.2482528769183945,0.0
20188,2026-07-10 13:30:00+00:00,4098.6,1,-1,0.0017810959839943,-0.0017810959839943,True,False,False,1.2460296187323057,1.2482528769183945,-0.0017810959839944518
20189,2026-07-10 13:35:00+00:00,4105.9,0,-1,0.0003166175503543,-0.0003166175503543,True,False,False,1.2456351038867537,1.2482528769183945,-0.0020971496081013674
20190,2026-07-10 13:40:00+00:00,4107.2,0,-1,0.0006573821581612,-0.0006573821581612,True,False,False,1.2448162455938792,1.2482528769183945,-0.002753153137527331
20191,2026-07-10 13:45:00+00:00,4109.9,0,-1,0.0003893038760067,-0.0003893038760067,True,False,False,1.2443316338045534,1.2482528769183945,-0.003141385200346236
20192,2026-07-10 13:50:00+00:00,4111.5,0,-1,-0.0006810166605861,0.0006810166605861,True,False,True,1.2451790443784687,1.2482528769183945,-0.0024625078754187957
20193,2026-07-10 13:55:00+00:00,4108.7,0,-1,0.000194708788668,-0.000194708788668,True,False,False,1.244936597075063,1.2482528769183945,-0.002656737192161307
20194,2026-07-10 14:00:00+00:00,4109.5,0,1,-7.300158170098214e-05,-7.300158170098214e-05,True,False,False,1.244845714734359,1.2482528769183945,-0.002729544827845154
20198,2026-07-10 14:20:00+00:00,4111.9,0,1,0.0005836717819014,0.0005836717819014,True,False,True,1.2455722960508704,1.2482528769183945,-0.002147466204237225
20199,2026-07-10 14:25:00+00:00,4114.3,-1,-1,-0.0037673480300415,0.0037673480300415,True,True,True,1.2502648003866719,1.2502648003866719,0.0
20200,2026-07-10 14:30:00+00:00,4098.8,1,1,0.001390650922221,0.001390650922221,True,True,True,1.25200348228435,1.25200348228435,0.0
20201,2026-07-10 14:35:00+00:00,4104.5,0,-1,0.0009745401388718,-0.0009745401388718,True,False,False,1.2507833546368567,1.25200348228435,-0.0009745401388716601
20203,2026-07-10 14:45:00+00:00,4116.6,-1,-1,-0.0014818053733665,0.0014818053733665,True,True,True,1.252636772132675,1.252636772132675,0.0
20204,2026-07-10 14:50:00+00:00,4110.5,-1,-1,-0.0021408587763046,0.0021408587763046,True,True,True,1.255318490559817,1.255318490559817,0.0
20206,2026-07-10 15:00:00+00:00,4106.0,0,1,0.0004140282513394,0.0004140282513394,True,False,True,1.2558382278793374,1.2558382278793374,0.0
20207,2026-07-10 15:05:00+00:00,4107.7,0,-1,-0.0003895123791901,0.0003895123791901,True,False,True,1.2563273924153566,1.2563273924153566,0.0
20211,2026-07-10 15:25:00+00:00,4111.4,0,-1,0.0002675487668435,-0.0002675487668435,True,False,False,1.2559912635707642,1.2563273924153566,-0.00026754876684353945
20212,2026-07-10 15:30:00+00:00,4112.5,0,-1,0.0006565349544072,-0.0006565349544072,True,False,False,1.2551666614038,1.2563273924153566,-0.0009239080661331833
20215,2026-07-10 15:45:00+00:00,4119.0,0,-1,0.0001456664238894,-0.0001456664238894,True,False,False,1.254983825764848,1.2563273924153566,-0.0010694399076386363
20216,2026-07-10 15:50:00+00:00,4119.6,0,1,0.0006068550344693,0.0006068550344693,True,False,True,1.255745419017691,1.2563273924153566,-0.00046323386816127243
20217,2026-07-10 15:55:00+00:00,4122.1,0,1,-0.0004124111496569,-0.0004124111496569,True,False,False,1.2552275356057576,1.2563273924153566,-0.0008754539750061019
